{"rules": [{"rule-type": "selection", "rule-id": "5", "rule-name": "5", "object-locator": {"schema-name": "GEMMGR", "table-name": "CAS_QRTZ_BLOB_TRIGGERS"}, "rule-action": "include"}, {"rule-type": "selection", "rule-id": "6", "rule-name": "6", "object-locator": {"schema-name": "GEMMGR", "table-name": "CAS_QRTZ_CALENDARS"}, "rule-action": "include"}, {"rule-type": "selection", "rule-id": "7", "rule-name": "7", "object-locator": {"schema-name": "GEMMGR", "table-name": "CAS_QRTZ_JOB_DETAILS"}, "rule-action": "include"}, {"rule-type": "selection", "rule-id": "8", "rule-name": "8", "object-locator": {"schema-name": "GEMMGR", "table-name": "CAS_QRTZ_TRIGGERS"}, "rule-action": "include"}]}