{"rules": [{"rule-type": "selection", "rule-id": "1", "rule-name": "1", "object-locator": {"schema-name": "MILMGR", "table-name": "CAS_AUDIT_COMMENT_MT"}, "rule-action": "include"}, {"rule-type": "selection", "rule-id": "2", "rule-name": "2", "object-locator": {"schema-name": "MILMGR", "table-name": "CAS_AUDIT_ENTITY_MZ"}, "rule-action": "include"}, {"rule-type": "selection", "rule-id": "3", "rule-name": "3", "object-locator": {"schema-name": "MILMGR", "table-name": "CAS_AUDIT_PARAMETER_MT"}, "rule-action": "include"}, {"rule-type": "selection", "rule-id": "4", "rule-name": "4", "object-locator": {"schema-name": "MILMGR", "table-name": "CAS_BATCH_REPORT_MT"}, "rule-action": "include"}, {"rule-type": "selection", "rule-id": "5", "rule-name": "5", "object-locator": {"schema-name": "MILMGR", "table-name": "CAS_NMFC_CODE_MZ"}, "rule-action": "include"}, {"rule-type": "selection", "rule-id": "6", "rule-name": "6", "object-locator": {"schema-name": "MILMGR", "table-name": "CAS_QRTZ_BLOB_TRIGGERS"}, "rule-action": "include"}, {"rule-type": "selection", "rule-id": "7", "rule-name": "7", "object-locator": {"schema-name": "MILMGR", "table-name": "CAS_QRTZ_CALENDARS"}, "rule-action": "include"}, {"rule-type": "selection", "rule-id": "8", "rule-name": "8", "object-locator": {"schema-name": "MILMGR", "table-name": "CAS_QRTZ_CRON_TRIGGERS"}, "rule-action": "include"}, {"rule-type": "selection", "rule-id": "9", "rule-name": "9", "object-locator": {"schema-name": "MILMGR", "table-name": "CAS_QRTZ_FIRED_TRIGGERS"}, "rule-action": "include"}, {"rule-type": "selection", "rule-id": "10", "rule-name": "10", "object-locator": {"schema-name": "MILMGR", "table-name": "CAS_QRTZ_JOB_DETAILS"}, "rule-action": "include"}, {"rule-type": "selection", "rule-id": "11", "rule-name": "11", "object-locator": {"schema-name": "MILMGR", "table-name": "CAS_QRTZ_JOB_LISTENERS"}, "rule-action": "include"}, {"rule-type": "selection", "rule-id": "12", "rule-name": "12", "object-locator": {"schema-name": "MILMGR", "table-name": "CAS_QRTZ_LOCKS"}, "rule-action": "include"}, {"rule-type": "selection", "rule-id": "13", "rule-name": "13", "object-locator": {"schema-name": "MILMGR", "table-name": "CAS_QRTZ_PAUSED_TRIGGER_GRPS"}, "rule-action": "include"}, {"rule-type": "selection", "rule-id": "14", "rule-name": "14", "object-locator": {"schema-name": "MILMGR", "table-name": "CAS_QRTZ_SCHEDULER_STATE"}, "rule-action": "include"}, {"rule-type": "selection", "rule-id": "15", "rule-name": "15", "object-locator": {"schema-name": "MILMGR", "table-name": "CAS_QRTZ_SIMPLE_TRIGGERS"}, "rule-action": "include"}, {"rule-type": "selection", "rule-id": "16", "rule-name": "16", "object-locator": {"schema-name": "MILMGR", "table-name": "CAS_QRTZ_TRIGGERS"}, "rule-action": "include"}, {"rule-type": "selection", "rule-id": "17", "rule-name": "17", "object-locator": {"schema-name": "MILMGR", "table-name": "CAS_QRTZ_TRIGGER_LISTENERS"}, "rule-action": "include"}, {"rule-type": "selection", "rule-id": "18", "rule-name": "18", "object-locator": {"schema-name": "MILMGR", "table-name": "CAS_QUARTZ_FISCAL_CALENDER_MT"}, "rule-action": "include"}, {"rule-type": "selection", "rule-id": "19", "rule-name": "19", "object-locator": {"schema-name": "MILMGR", "table-name": "CAS_REPORT_CATEGORY_MT"}, "rule-action": "include"}, {"rule-type": "selection", "rule-id": "20", "rule-name": "20", "object-locator": {"schema-name": "MILMGR", "table-name": "CAS_REPORT_CLASSIFICATION_MT"}, "rule-action": "include"}, {"rule-type": "selection", "rule-id": "21", "rule-name": "21", "object-locator": {"schema-name": "MILMGR", "table-name": "CAS_REPORT_DEFINITION_MT"}, "rule-action": "include"}, {"rule-type": "selection", "rule-id": "22", "rule-name": "22", "object-locator": {"schema-name": "MILMGR", "table-name": "CAS_REPORT_FILTER_MT"}, "rule-action": "include"}, {"rule-type": "selection", "rule-id": "23", "rule-name": "23", "object-locator": {"schema-name": "MILMGR", "table-name": "CAS_REPORT_GROUP_MT"}, "rule-action": "include"}, {"rule-type": "selection", "rule-id": "24", "rule-name": "24", "object-locator": {"schema-name": "MILMGR", "table-name": "CAS_REPORT_HISTORY_MT"}, "rule-action": "include"}, {"rule-type": "selection", "rule-id": "25", "rule-name": "25", "object-locator": {"schema-name": "MILMGR", "table-name": "CAS_REPORT_MT"}, "rule-action": "include"}, {"rule-type": "selection", "rule-id": "26", "rule-name": "26", "object-locator": {"schema-name": "MILMGR", "table-name": "CAS_REPORT_PARAMETERS_MT"}, "rule-action": "include"}, {"rule-type": "selection", "rule-id": "27", "rule-name": "27", "object-locator": {"schema-name": "MILMGR", "table-name": "CAS_REPORT_SCHEDULER_DATA_MT"}, "rule-action": "include"}, {"rule-type": "selection", "rule-id": "28", "rule-name": "28", "object-locator": {"schema-name": "MILMGR", "table-name": "CAS_REPORT_SORT_COLUMN_MT"}, "rule-action": "include"}, {"rule-type": "selection", "rule-id": "29", "rule-name": "29", "object-locator": {"schema-name": "MILMGR", "table-name": "CAS_REPORT_SUBREPORT_ML"}, "rule-action": "include"}, {"rule-type": "selection", "rule-id": "30", "rule-name": "30", "object-locator": {"schema-name": "MILMGR", "table-name": "CAS_SEARCH_MZ"}, "rule-action": "include"}, {"rule-type": "selection", "rule-id": "31", "rule-name": "31", "object-locator": {"schema-name": "MILMGR", "table-name": "CAS_SEARCH_SAVED_QUERY_MT"}, "rule-action": "include"}, {"rule-type": "selection", "rule-id": "32", "rule-name": "32", "object-locator": {"schema-name": "MILMGR", "table-name": "CAS_SEARCH_VIEW_MZ"}, "rule-action": "include"}, {"rule-type": "selection", "rule-id": "33", "rule-name": "33", "object-locator": {"schema-name": "MILMGR", "table-name": "CAS_STCC_CODE_MZ"}, "rule-action": "include"}, {"rule-type": "selection", "rule-id": "34", "rule-name": "34", "object-locator": {"schema-name": "MILMGR", "table-name": "CAS_TIMEZONE_MZ"}, "rule-action": "include"}, {"rule-type": "selection", "rule-id": "35", "rule-name": "35", "object-locator": {"schema-name": "MILMGR", "table-name": "CAS_UOM_CATEGORY_MZ"}, "rule-action": "include"}, {"rule-type": "selection", "rule-id": "36", "rule-name": "36", "object-locator": {"schema-name": "MILMGR", "table-name": "CAS_UOM_MZ"}, "rule-action": "include"}, {"rule-type": "selection", "rule-id": "37", "rule-name": "37", "object-locator": {"schema-name": "MILMGR", "table-name": "CAS_VALIDATOR_ACCESS_MT"}, "rule-action": "include"}, {"rule-type": "selection", "rule-id": "38", "rule-name": "38", "object-locator": {"schema-name": "MILMGR", "table-name": "CAS_VALIDATOR_MZ"}, "rule-action": "include"}, {"rule-type": "selection", "rule-id": "39", "rule-name": "39", "object-locator": {"schema-name": "MILMGR", "table-name": "CRS_QRTZ_BLOB_TRIGGERS"}, "rule-action": "include"}, {"rule-type": "selection", "rule-id": "40", "rule-name": "40", "object-locator": {"schema-name": "MILMGR", "table-name": "CRS_QRTZ_CALENDARS"}, "rule-action": "include"}, {"rule-type": "selection", "rule-id": "41", "rule-name": "41", "object-locator": {"schema-name": "MILMGR", "table-name": "CRS_QRTZ_CRON_TRIGGERS"}, "rule-action": "include"}, {"rule-type": "selection", "rule-id": "42", "rule-name": "42", "object-locator": {"schema-name": "MILMGR", "table-name": "CRS_QRTZ_FIRED_TRIGGERS"}, "rule-action": "include"}, {"rule-type": "selection", "rule-id": "43", "rule-name": "43", "object-locator": {"schema-name": "MILMGR", "table-name": "CRS_QRTZ_JOB_DETAILS"}, "rule-action": "include"}, {"rule-type": "selection", "rule-id": "44", "rule-name": "44", "object-locator": {"schema-name": "MILMGR", "table-name": "CRS_QRTZ_JOB_LISTENERS"}, "rule-action": "include"}, {"rule-type": "selection", "rule-id": "45", "rule-name": "45", "object-locator": {"schema-name": "MILMGR", "table-name": "CRS_QRTZ_LOCKS"}, "rule-action": "include"}, {"rule-type": "selection", "rule-id": "46", "rule-name": "46", "object-locator": {"schema-name": "MILMGR", "table-name": "CRS_QRTZ_PAUSED_TRIGGER_GRPS"}, "rule-action": "include"}, {"rule-type": "selection", "rule-id": "47", "rule-name": "47", "object-locator": {"schema-name": "MILMGR", "table-name": "CRS_QRTZ_SCHEDULER_STATE"}, "rule-action": "include"}, {"rule-type": "selection", "rule-id": "48", "rule-name": "48", "object-locator": {"schema-name": "MILMGR", "table-name": "CRS_QRTZ_SIMPLE_TRIGGERS"}, "rule-action": "include"}, {"rule-type": "selection", "rule-id": "49", "rule-name": "49", "object-locator": {"schema-name": "MILMGR", "table-name": "CRS_QRTZ_TRIGGERS"}, "rule-action": "include"}, {"rule-type": "selection", "rule-id": "50", "rule-name": "50", "object-locator": {"schema-name": "MILMGR", "table-name": "CRS_QRTZ_TRIGGER_LISTENERS"}, "rule-action": "include"}, {"rule-type": "selection", "rule-id": "51", "rule-name": "51", "object-locator": {"schema-name": "MILMGR", "table-name": "MIL_ACCT_REV_EXP_MT"}, "rule-action": "include"}, {"rule-type": "selection", "rule-id": "52", "rule-name": "52", "object-locator": {"schema-name": "MILMGR", "table-name": "MIL_ADDL_FREIGHT_BILL_MT"}, "rule-action": "include"}, {"rule-type": "selection", "rule-id": "53", "rule-name": "53", "object-locator": {"schema-name": "MILMGR", "table-name": "MIL_ADDNL_DISPATCH_DOC_MT"}, "rule-action": "include"}, {"rule-type": "selection", "rule-id": "54", "rule-name": "54", "object-locator": {"schema-name": "MILMGR", "table-name": "MIL_ADJUSTMENT_STATUS_MZ"}, "rule-action": "include"}, {"rule-type": "selection", "rule-id": "55", "rule-name": "55", "object-locator": {"schema-name": "MILMGR", "table-name": "MIL_ADJUSTMENT_TYPE_MZ"}, "rule-action": "include"}, {"rule-type": "selection", "rule-id": "56", "rule-name": "56", "object-locator": {"schema-name": "MILMGR", "table-name": "MIL_AGENT_DOCUMENT_MT"}, "rule-action": "include"}, {"rule-type": "selection", "rule-id": "57", "rule-name": "57", "object-locator": {"schema-name": "MILMGR", "table-name": "MIL_AGENT_DOC_CATEGORY_MZ"}, "rule-action": "include"}, {"rule-type": "selection", "rule-id": "58", "rule-name": "58", "object-locator": {"schema-name": "MILMGR", "table-name": "MIL_AGENT_DOC_SUB_CATEGORY_MZ"}, "rule-action": "include"}, {"rule-type": "selection", "rule-id": "59", "rule-name": "59", "object-locator": {"schema-name": "MILMGR", "table-name": "MIL_APPOINTMENT_TYPE_MZ"}, "rule-action": "include"}, {"rule-type": "selection", "rule-id": "60", "rule-name": "60", "object-locator": {"schema-name": "MILMGR", "table-name": "MIL_AP_BATCH_MT"}, "rule-action": "include"}, {"rule-type": "selection", "rule-id": "61", "rule-name": "61", "object-locator": {"schema-name": "MILMGR", "table-name": "MIL_AP_WIRE_MT"}, "rule-action": "include"}, {"rule-type": "selection", "rule-id": "62", "rule-name": "62", "object-locator": {"schema-name": "MILMGR", "table-name": "MIL_ATTACHMENT_TYPE_MZ"}, "rule-action": "include"}, {"rule-type": "selection", "rule-id": "63", "rule-name": "63", "object-locator": {"schema-name": "MILMGR", "table-name": "MIL_AVAILABLE_EQ_CONTROL_MT"}, "rule-action": "include"}, {"rule-type": "selection", "rule-id": "64", "rule-name": "64", "object-locator": {"schema-name": "MILMGR", "table-name": "MIL_BATCH_CHECK_ML"}, "rule-action": "include"}, {"rule-type": "selection", "rule-id": "65", "rule-name": "65", "object-locator": {"schema-name": "MILMGR", "table-name": "MIL_BATCH_DOCUMENTS_MT"}, "rule-action": "include"}, {"rule-type": "selection", "rule-id": "66", "rule-name": "66", "object-locator": {"schema-name": "MILMGR", "table-name": "MIL_BATCH_INVOICE_EXCEPTION_MT"}, "rule-action": "include"}, {"rule-type": "selection", "rule-id": "67", "rule-name": "67", "object-locator": {"schema-name": "MILMGR", "table-name": "MIL_BATCH_MT"}, "rule-action": "include"}, {"rule-type": "selection", "rule-id": "68", "rule-name": "68", "object-locator": {"schema-name": "MILMGR", "table-name": "MIL_BATCH_PROPERTY_MT"}, "rule-action": "include"}, {"rule-type": "selection", "rule-id": "69", "rule-name": "69", "object-locator": {"schema-name": "MILMGR", "table-name": "MIL_BATCH_STATE_HISTORY_MT"}, "rule-action": "include"}, {"rule-type": "selection", "rule-id": "70", "rule-name": "70", "object-locator": {"schema-name": "MILMGR", "table-name": "MIL_BATCH_STATE_MT"}, "rule-action": "include"}, {"rule-type": "selection", "rule-id": "71", "rule-name": "71", "object-locator": {"schema-name": "MILMGR", "table-name": "MIL_BATCH_STATUS_MZ"}, "rule-action": "include"}, {"rule-type": "selection", "rule-id": "72", "rule-name": "72", "object-locator": {"schema-name": "MILMGR", "table-name": "MIL_BATCH_STOP_EVENT_MT"}, "rule-action": "include"}, {"rule-type": "selection", "rule-id": "73", "rule-name": "73", "object-locator": {"schema-name": "MILMGR", "table-name": "MIL_BATCH_VENDOR_WARN_FAX_MT"}, "rule-action": "include"}, {"rule-type": "selection", "rule-id": "74", "rule-name": "74", "object-locator": {"schema-name": "MILMGR", "table-name": "MIL_BENEFICIAL_OWNER_MT"}, "rule-action": "include"}, {"rule-type": "selection", "rule-id": "75", "rule-name": "75", "object-locator": {"schema-name": "MILMGR", "table-name": "MIL_BILL_TO_ATTACHMENT_ML"}, "rule-action": "include"}, {"rule-type": "selection", "rule-id": "76", "rule-name": "76", "object-locator": {"schema-name": "MILMGR", "table-name": "MIL_BILL_TO_MT"}, "rule-action": "include"}, {"rule-type": "selection", "rule-id": "77", "rule-name": "77", "object-locator": {"schema-name": "MILMGR", "table-name": "MIL_BUYDOWN_MISC_COST_MT"}, "rule-action": "include"}, {"rule-type": "selection", "rule-id": "78", "rule-name": "78", "object-locator": {"schema-name": "MILMGR", "table-name": "MIL_BUYDOWN_MZ"}, "rule-action": "include"}, {"rule-type": "selection", "rule-id": "79", "rule-name": "79", "object-locator": {"schema-name": "MILMGR", "table-name": "MIL_CARRIER_AVAIL_EQUIP_MT"}, "rule-action": "include"}, {"rule-type": "selection", "rule-id": "80", "rule-name": "80", "object-locator": {"schema-name": "MILMGR", "table-name": "MIL_CARRIER_CALL_IN_MT"}, "rule-action": "include"}, {"rule-type": "selection", "rule-id": "81", "rule-name": "81", "object-locator": {"schema-name": "MILMGR", "table-name": "MIL_CARRIER_FAILURE_REASON_MZ"}, "rule-action": "include"}, {"rule-type": "selection", "rule-id": "82", "rule-name": "82", "object-locator": {"schema-name": "MILMGR", "table-name": "MIL_CARRIER_OPPORTUNITY_MT"}, "rule-action": "include"}, {"rule-type": "selection", "rule-id": "83", "rule-name": "83", "object-locator": {"schema-name": "MILMGR", "table-name": "MIL_CASH_ACCT_TRANS_MT"}, "rule-action": "include"}, {"rule-type": "selection", "rule-id": "84", "rule-name": "84", "object-locator": {"schema-name": "MILMGR", "table-name": "MIL_CASH_ACCT_TRANS_TYPE_MZ"}, "rule-action": "include"}, {"rule-type": "selection", "rule-id": "85", "rule-name": "85", "object-locator": {"schema-name": "MILMGR", "table-name": "MIL_CHANNEL_CONFLICT_MT"}, "rule-action": "include"}, {"rule-type": "selection", "rule-id": "86", "rule-name": "86", "object-locator": {"schema-name": "MILMGR", "table-name": "MIL_CHARGE_DESCRIPTION_MT"}, "rule-action": "include"}, {"rule-type": "selection", "rule-id": "87", "rule-name": "87", "object-locator": {"schema-name": "MILMGR", "table-name": "MIL_CHARGE_TYPE_MZ"}, "rule-action": "include"}, {"rule-type": "selection", "rule-id": "88", "rule-name": "88", "object-locator": {"schema-name": "MILMGR", "table-name": "MIL_COLLECTION_STATUS_MZ"}, "rule-action": "include"}, {"rule-type": "selection", "rule-id": "89", "rule-name": "89", "object-locator": {"schema-name": "MILMGR", "table-name": "MIL_COLLECTOR_QUEUE_MT"}, "rule-action": "include"}, {"rule-type": "selection", "rule-id": "90", "rule-name": "90", "object-locator": {"schema-name": "MILMGR", "table-name": "MIL_CONFIG_MZ"}, "rule-action": "include"}, {"rule-type": "selection", "rule-id": "91", "rule-name": "91", "object-locator": {"schema-name": "MILMGR", "table-name": "MIL_CONTACT_TYPE_MZ"}, "rule-action": "include"}, {"rule-type": "selection", "rule-id": "92", "rule-name": "92", "object-locator": {"schema-name": "MILMGR", "table-name": "MIL_CONTROLLING_PARTY_MT"}, "rule-action": "include"}, {"rule-type": "selection", "rule-id": "93", "rule-name": "93", "object-locator": {"schema-name": "MILMGR", "table-name": "MIL_CORP_MZ"}, "rule-action": "include"}, {"rule-type": "selection", "rule-id": "94", "rule-name": "94", "object-locator": {"schema-name": "MILMGR", "table-name": "MIL_COST_STATUS_MZ"}, "rule-action": "include"}, {"rule-type": "selection", "rule-id": "95", "rule-name": "95", "object-locator": {"schema-name": "MILMGR", "table-name": "MIL_CROSSTOWN_DRAY_MT"}, "rule-action": "include"}, {"rule-type": "selection", "rule-id": "96", "rule-name": "96", "object-locator": {"schema-name": "MILMGR", "table-name": "MIL_CROSSTOWN_ROUTE_MZ"}, "rule-action": "include"}, {"rule-type": "selection", "rule-id": "97", "rule-name": "97", "object-locator": {"schema-name": "MILMGR", "table-name": "MIL_CR_SEARCH_SAVED_FILTER_MT"}, "rule-action": "include"}, {"rule-type": "selection", "rule-id": "98", "rule-name": "98", "object-locator": {"schema-name": "MILMGR", "table-name": "MIL_CUSTOMER_CATEGORY_MZ"}, "rule-action": "include"}, {"rule-type": "selection", "rule-id": "99", "rule-name": "99", "object-locator": {"schema-name": "MILMGR", "table-name": "MIL_CUSTOMER_CHECK_MT"}, "rule-action": "include"}, {"rule-type": "selection", "rule-id": "100", "rule-name": "100", "object-locator": {"schema-name": "MILMGR", "table-name": "MIL_CUSTOMER_COLLECTION_MT"}, "rule-action": "include"}, {"rule-type": "selection", "rule-id": "101", "rule-name": "101", "object-locator": {"schema-name": "MILMGR", "table-name": "MIL_CUSTOMER_COMMENT_MT"}, "rule-action": "include"}, {"rule-type": "selection", "rule-id": "102", "rule-name": "102", "object-locator": {"schema-name": "MILMGR", "table-name": "MIL_CUSTOMER_COMMUNICATION_MT"}, "rule-action": "include"}, {"rule-type": "selection", "rule-id": "103", "rule-name": "103", "object-locator": {"schema-name": "MILMGR", "table-name": "MIL_CUSTOMER_CONTACT_MT"}, "rule-action": "include"}, {"rule-type": "selection", "rule-id": "104", "rule-name": "104", "object-locator": {"schema-name": "MILMGR", "table-name": "MIL_CUSTOMER_CONVERSION_MZ"}, "rule-action": "include"}, {"rule-type": "selection", "rule-id": "105", "rule-name": "105", "object-locator": {"schema-name": "MILMGR", "table-name": "MIL_CUSTOMER_CREDIT_LIMIT_MT"}, "rule-action": "include"}, {"rule-type": "selection", "rule-id": "106", "rule-name": "106", "object-locator": {"schema-name": "MILMGR", "table-name": "MIL_CUSTOMER_CREDIT_STATUS_MZ"}, "rule-action": "include"}, {"rule-type": "selection", "rule-id": "107", "rule-name": "107", "object-locator": {"schema-name": "MILMGR", "table-name": "MIL_CUSTOMER_CREDIT_TERM_MZ"}, "rule-action": "include"}, {"rule-type": "selection", "rule-id": "108", "rule-name": "108", "object-locator": {"schema-name": "MILMGR", "table-name": "MIL_CUSTOMER_CREDIT_TYPE_MZ"}, "rule-action": "include"}, {"rule-type": "selection", "rule-id": "109", "rule-name": "109", "object-locator": {"schema-name": "MILMGR", "table-name": "MIL_CUSTOMER_DAILY_RATE_MT"}, "rule-action": "include"}, {"rule-type": "selection", "rule-id": "110", "rule-name": "110", "object-locator": {"schema-name": "MILMGR", "table-name": "MIL_CUSTOMER_DOC_TYPE_MZ"}, "rule-action": "include"}, {"rule-type": "selection", "rule-id": "111", "rule-name": "111", "object-locator": {"schema-name": "MILMGR", "table-name": "MIL_CUSTOMER_DROP_MT"}, "rule-action": "include"}, {"rule-type": "selection", "rule-id": "112", "rule-name": "112", "object-locator": {"schema-name": "MILMGR", "table-name": "MIL_CUSTOMER_FEEDBACK_MT"}, "rule-action": "include"}, {"rule-type": "selection", "rule-id": "113", "rule-name": "113", "object-locator": {"schema-name": "MILMGR", "table-name": "MIL_CUSTOMER_INSURANCE_MT"}, "rule-action": "include"}, {"rule-type": "selection", "rule-id": "114", "rule-name": "114", "object-locator": {"schema-name": "MILMGR", "table-name": "MIL_CUSTOMER_INVOICE_ADJ_MT"}, "rule-action": "include"}, {"rule-type": "selection", "rule-id": "115", "rule-name": "115", "object-locator": {"schema-name": "MILMGR", "table-name": "MIL_CUSTOMER_INVOICE_CHECK_ML"}, "rule-action": "include"}, {"rule-type": "selection", "rule-id": "116", "rule-name": "116", "object-locator": {"schema-name": "MILMGR", "table-name": "MIL_CUSTOMER_INVOICE_HDR_MT"}, "rule-action": "include"}, {"rule-type": "selection", "rule-id": "117", "rule-name": "117", "object-locator": {"schema-name": "MILMGR", "table-name": "MIL_CUSTOMER_INVOICE_METHOD_MZ"}, "rule-action": "include"}, {"rule-type": "selection", "rule-id": "118", "rule-name": "118", "object-locator": {"schema-name": "MILMGR", "table-name": "MIL_CUSTOMER_MANIFEST_MT"}, "rule-action": "include"}, {"rule-type": "selection", "rule-id": "119", "rule-name": "119", "object-locator": {"schema-name": "MILMGR", "table-name": "MIL_CUSTOMER_MT"}, "rule-action": "include"}, {"rule-type": "selection", "rule-id": "120", "rule-name": "120", "object-locator": {"schema-name": "MILMGR", "table-name": "MIL_CUSTOMER_NOTE_TYPE_MZ"}, "rule-action": "include"}, {"rule-type": "selection", "rule-id": "121", "rule-name": "121", "object-locator": {"schema-name": "MILMGR", "table-name": "MIL_CUSTOMER_PAYMENT_METHOD_MZ"}, "rule-action": "include"}, {"rule-type": "selection", "rule-id": "122", "rule-name": "122", "object-locator": {"schema-name": "MILMGR", "table-name": "MIL_CUSTOMER_PAYMENT_TRAN_MT"}, "rule-action": "include"}, {"rule-type": "selection", "rule-id": "123", "rule-name": "123", "object-locator": {"schema-name": "MILMGR", "table-name": "MIL_CUSTOMER_PER_DIEM_MT"}, "rule-action": "include"}, {"rule-type": "selection", "rule-id": "124", "rule-name": "124", "object-locator": {"schema-name": "MILMGR", "table-name": "MIL_CUSTOMER_REFERENCE_ML"}, "rule-action": "include"}, {"rule-type": "selection", "rule-id": "125", "rule-name": "125", "object-locator": {"schema-name": "MILMGR", "table-name": "MIL_CUSTOMER_REFERENCE_TYPE_MZ"}, "rule-action": "include"}, {"rule-type": "selection", "rule-id": "126", "rule-name": "126", "object-locator": {"schema-name": "MILMGR", "table-name": "MIL_CUSTOMER_REF_QUOTE_ML"}, "rule-action": "include"}, {"rule-type": "selection", "rule-id": "127", "rule-name": "127", "object-locator": {"schema-name": "MILMGR", "table-name": "MIL_CUSTOMER_REQUEST_LOB_ML"}, "rule-action": "include"}, {"rule-type": "selection", "rule-id": "128", "rule-name": "128", "object-locator": {"schema-name": "MILMGR", "table-name": "MIL_CUSTOMER_REQUEST_MT"}, "rule-action": "include"}, {"rule-type": "selection", "rule-id": "129", "rule-name": "129", "object-locator": {"schema-name": "MILMGR", "table-name": "MIL_CUSTOMER_REQUEST_SEASON_ML"}, "rule-action": "include"}, {"rule-type": "selection", "rule-id": "130", "rule-name": "130", "object-locator": {"schema-name": "MILMGR", "table-name": "MIL_CUSTOMER_REQUEST_STATUS_MZ"}, "rule-action": "include"}, {"rule-type": "selection", "rule-id": "131", "rule-name": "131", "object-locator": {"schema-name": "MILMGR", "table-name": "MIL_CUSTOMER_SALES_REP_ML"}, "rule-action": "include"}, {"rule-type": "selection", "rule-id": "132", "rule-name": "132", "object-locator": {"schema-name": "MILMGR", "table-name": "MIL_CUSTOMER_SUB_INSURANCE_MT"}, "rule-action": "include"}, {"rule-type": "selection", "rule-id": "133", "rule-name": "133", "object-locator": {"schema-name": "MILMGR", "table-name": "MIL_CUSTOM_BROKER_MT"}, "rule-action": "include"}, {"rule-type": "selection", "rule-id": "134", "rule-name": "134", "object-locator": {"schema-name": "MILMGR", "table-name": "MIL_CUSTOM_REPORT_CATEGORY_MT"}, "rule-action": "include"}, {"rule-type": "selection", "rule-id": "135", "rule-name": "135", "object-locator": {"schema-name": "MILMGR", "table-name": "MIL_CUSTOM_REPORT_GROUP_ML"}, "rule-action": "include"}, {"rule-type": "selection", "rule-id": "136", "rule-name": "136", "object-locator": {"schema-name": "MILMGR", "table-name": "MIL_CUSTOM_REPORT_QUERY_TABLE"}, "rule-action": "include"}, {"rule-type": "selection", "rule-id": "137", "rule-name": "137", "object-locator": {"schema-name": "MILMGR", "table-name": "MIL_CUSTOM_REPORT_REFERENCE"}, "rule-action": "include"}, {"rule-type": "selection", "rule-id": "138", "rule-name": "138", "object-locator": {"schema-name": "MILMGR", "table-name": "MIL_CUST_ALPHA_NUMERIC_GRP_MT"}, "rule-action": "include"}, {"rule-type": "selection", "rule-id": "139", "rule-name": "139", "object-locator": {"schema-name": "MILMGR", "table-name": "MIL_CUST_COLLECTOR_QUEUE_ML"}, "rule-action": "include"}, {"rule-type": "selection", "rule-id": "140", "rule-name": "140", "object-locator": {"schema-name": "MILMGR", "table-name": "MIL_CUST_CRED_STATUS_TYPE_ML"}, "rule-action": "include"}, {"rule-type": "selection", "rule-id": "141", "rule-name": "141", "object-locator": {"schema-name": "MILMGR", "table-name": "MIL_CUST_DOC_SEND_REASON_MZ"}, "rule-action": "include"}, {"rule-type": "selection", "rule-id": "142", "rule-name": "142", "object-locator": {"schema-name": "MILMGR", "table-name": "MIL_CUST_FUEL_EXCPT_MT"}, "rule-action": "include"}, {"rule-type": "selection", "rule-id": "143", "rule-name": "143", "object-locator": {"schema-name": "MILMGR", "table-name": "MIL_CUST_FUEL_OVERRIDE_MT"}, "rule-action": "include"}, {"rule-type": "selection", "rule-id": "144", "rule-name": "144", "object-locator": {"schema-name": "MILMGR", "table-name": "MIL_CUST_FUEL_SURCH_MT"}, "rule-action": "include"}, {"rule-type": "selection", "rule-id": "145", "rule-name": "145", "object-locator": {"schema-name": "MILMGR", "table-name": "MIL_CUST_OFFICE_FL_EXCPT_MT"}, "rule-action": "include"}, {"rule-type": "selection", "rule-id": "146", "rule-name": "146", "object-locator": {"schema-name": "MILMGR", "table-name": "MIL_CUST_PEND_CREDIT_TYPE_MZ"}, "rule-action": "include"}, {"rule-type": "selection", "rule-id": "147", "rule-name": "147", "object-locator": {"schema-name": "MILMGR", "table-name": "MIL_CUST_REQ_PEND_CRED_TYPE_ML"}, "rule-action": "include"}, {"rule-type": "selection", "rule-id": "148", "rule-name": "148", "object-locator": {"schema-name": "MILMGR", "table-name": "MIL_DATA_CORRECTION_MT"}, "rule-action": "include"}, {"rule-type": "selection", "rule-id": "149", "rule-name": "149", "object-locator": {"schema-name": "MILMGR", "table-name": "MIL_DD_CAPACITY_MT"}, "rule-action": "include"}, {"rule-type": "selection", "rule-id": "150", "rule-name": "150", "object-locator": {"schema-name": "MILMGR", "table-name": "MIL_DEPOT_GROUP_RAMP_MT"}, "rule-action": "include"}, {"rule-type": "selection", "rule-id": "151", "rule-name": "151", "object-locator": {"schema-name": "MILMGR", "table-name": "MIL_DEPOT_LOCATION_MZ"}, "rule-action": "include"}, {"rule-type": "selection", "rule-id": "152", "rule-name": "152", "object-locator": {"schema-name": "MILMGR", "table-name": "MIL_DEPOT_SHIP_LOC_ML"}, "rule-action": "include"}, {"rule-type": "selection", "rule-id": "153", "rule-name": "153", "object-locator": {"schema-name": "MILMGR", "table-name": "MIL_DESTINATION_DRAY_MT"}, "rule-action": "include"}, {"rule-type": "selection", "rule-id": "154", "rule-name": "154", "object-locator": {"schema-name": "MILMGR", "table-name": "MIL_DESTINATION_POOL_MT"}, "rule-action": "include"}, {"rule-type": "selection", "rule-id": "155", "rule-name": "155", "object-locator": {"schema-name": "MILMGR", "table-name": "MIL_DESTINATION_POOL_NOTE_MT"}, "rule-action": "include"}, {"rule-type": "selection", "rule-id": "156", "rule-name": "156", "object-locator": {"schema-name": "MILMGR", "table-name": "MIL_DESTINATION_POOL_STATUS_MZ"}, "rule-action": "include"}, {"rule-type": "selection", "rule-id": "157", "rule-name": "157", "object-locator": {"schema-name": "MILMGR", "table-name": "MIL_DEST_POOL_DIEM_CHARGE_MT"}, "rule-action": "include"}, {"rule-type": "selection", "rule-id": "158", "rule-name": "158", "object-locator": {"schema-name": "MILMGR", "table-name": "MIL_DOCUMENT_TYPE_MZ"}, "rule-action": "include"}, {"rule-type": "selection", "rule-id": "159", "rule-name": "159", "object-locator": {"schema-name": "MILMGR", "table-name": "MIL_DOC_ERROR_CODE_MZ"}, "rule-action": "include"}, {"rule-type": "selection", "rule-id": "160", "rule-name": "160", "object-locator": {"schema-name": "MILMGR", "table-name": "MIL_DRAY_COST_CUSTOMER_MT"}, "rule-action": "include"}, {"rule-type": "selection", "rule-id": "161", "rule-name": "161", "object-locator": {"schema-name": "MILMGR", "table-name": "MIL_DRAY_COST_INTMDT_STOP_MT"}, "rule-action": "include"}, {"rule-type": "selection", "rule-id": "162", "rule-name": "162", "object-locator": {"schema-name": "MILMGR", "table-name": "MIL_DRAY_COST_MT"}, "rule-action": "include"}, {"rule-type": "selection", "rule-id": "163", "rule-name": "163", "object-locator": {"schema-name": "MILMGR", "table-name": "MIL_DRAY_COST_ORIG_DEST_MT"}, "rule-action": "include"}, {"rule-type": "selection", "rule-id": "164", "rule-name": "164", "object-locator": {"schema-name": "MILMGR", "table-name": "MIL_DRAY_COST_ZONE_MZ"}, "rule-action": "include"}, {"rule-type": "selection", "rule-id": "165", "rule-name": "165", "object-locator": {"schema-name": "MILMGR", "table-name": "MIL_DRAY_COST_ZONE_ZIP_MZ"}, "rule-action": "include"}, {"rule-type": "selection", "rule-id": "166", "rule-name": "166", "object-locator": {"schema-name": "MILMGR", "table-name": "MIL_DROPPOOL_LOCATION_MZ"}, "rule-action": "include"}, {"rule-type": "selection", "rule-id": "167", "rule-name": "167", "object-locator": {"schema-name": "MILMGR", "table-name": "MIL_EDI_BOLPOD_DOC_MT"}, "rule-action": "include"}, {"rule-type": "selection", "rule-id": "168", "rule-name": "168", "object-locator": {"schema-name": "MILMGR", "table-name": "MIL_EDI_CUST_ADDNL_TRN_CHAR_MT"}, "rule-action": "include"}, {"rule-type": "selection", "rule-id": "169", "rule-name": "169", "object-locator": {"schema-name": "MILMGR", "table-name": "MIL_EDI_CUST_CHARACTERISTIC_MT"}, "rule-action": "include"}, {"rule-type": "selection", "rule-id": "170", "rule-name": "170", "object-locator": {"schema-name": "MILMGR", "table-name": "MIL_EDI_CUST_TRADING_PARTNR_ML"}, "rule-action": "include"}, {"rule-type": "selection", "rule-id": "171", "rule-name": "171", "object-locator": {"schema-name": "MILMGR", "table-name": "MIL_EDI_CUST_TRANSACTION_MT"}, "rule-action": "include"}, {"rule-type": "selection", "rule-id": "172", "rule-name": "172", "object-locator": {"schema-name": "MILMGR", "table-name": "MIL_EDI_MATNAV_CONF_MT"}, "rule-action": "include"}, {"rule-type": "selection", "rule-id": "173", "rule-name": "173", "object-locator": {"schema-name": "MILMGR", "table-name": "MIL_EDI_MATNAV_INSUR_MZ"}, "rule-action": "include"}, {"rule-type": "selection", "rule-id": "174", "rule-name": "174", "object-locator": {"schema-name": "MILMGR", "table-name": "MIL_EDI_MATNAV_INVOICE_MT"}, "rule-action": "include"}, {"rule-type": "selection", "rule-id": "175", "rule-name": "175", "object-locator": {"schema-name": "MILMGR", "table-name": "MIL_EDI_MATNAV_ORD_MT"}, "rule-action": "include"}, {"rule-type": "selection", "rule-id": "176", "rule-name": "176", "object-locator": {"schema-name": "MILMGR", "table-name": "MIL_EDI_MILO_VENDOR_INVOICE_MT"}, "rule-action": "include"}, {"rule-type": "selection", "rule-id": "177", "rule-name": "177", "object-locator": {"schema-name": "MILMGR", "table-name": "MIL_EDI_ORDER_MISC_MT"}, "rule-action": "include"}, {"rule-type": "selection", "rule-id": "178", "rule-name": "178", "object-locator": {"schema-name": "MILMGR", "table-name": "MIL_EDI_ORDER_MT"}, "rule-action": "include"}, {"rule-type": "selection", "rule-id": "179", "rule-name": "179", "object-locator": {"schema-name": "MILMGR", "table-name": "MIL_EDI_QUOTE_MT"}, "rule-action": "include"}, {"rule-type": "selection", "rule-id": "180", "rule-name": "180", "object-locator": {"schema-name": "MILMGR", "table-name": "MIL_EDI_REASON_MZ"}, "rule-action": "include"}, {"rule-type": "selection", "rule-id": "181", "rule-name": "181", "object-locator": {"schema-name": "MILMGR", "table-name": "MIL_EDI_TRADING_PARTNER_MT"}, "rule-action": "include"}, {"rule-type": "selection", "rule-id": "182", "rule-name": "182", "object-locator": {"schema-name": "MILMGR", "table-name": "MIL_EDI_TRANSLATION_MT"}, "rule-action": "include"}, {"rule-type": "selection", "rule-id": "183", "rule-name": "183", "object-locator": {"schema-name": "MILMGR", "table-name": "MIL_EDI_TRANS_ERROR_XML_MT"}, "rule-action": "include"}, {"rule-type": "selection", "rule-id": "184", "rule-name": "184", "object-locator": {"schema-name": "MILMGR", "table-name": "MIL_EDI_VENDOR_INVOICE_MT"}, "rule-action": "include"}, {"rule-type": "selection", "rule-id": "185", "rule-name": "185", "object-locator": {"schema-name": "MILMGR", "table-name": "MIL_EDI_VENDOR_INV_STATUS_MZ"}, "rule-action": "include"}, {"rule-type": "selection", "rule-id": "186", "rule-name": "186", "object-locator": {"schema-name": "MILMGR", "table-name": "MIL_EDI_VENDOR_TRDNG_PARTNR_MT"}, "rule-action": "include"}, {"rule-type": "selection", "rule-id": "187", "rule-name": "187", "object-locator": {"schema-name": "MILMGR", "table-name": "MIL_EDI_VND_ADDNL_TRN_CHAR_MT"}, "rule-action": "include"}, {"rule-type": "selection", "rule-id": "188", "rule-name": "188", "object-locator": {"schema-name": "MILMGR", "table-name": "MIL_EDI_VND_TRADING_PARTNR_ML"}, "rule-action": "include"}, {"rule-type": "selection", "rule-id": "189", "rule-name": "189", "object-locator": {"schema-name": "MILMGR", "table-name": "MIL_EDI_VND_TRANSACTION_MT"}, "rule-action": "include"}, {"rule-type": "selection", "rule-id": "190", "rule-name": "190", "object-locator": {"schema-name": "MILMGR", "table-name": "MIL_EQUIPMENT_CATEGORY_MZ"}, "rule-action": "include"}, {"rule-type": "selection", "rule-id": "191", "rule-name": "191", "object-locator": {"schema-name": "MILMGR", "table-name": "MIL_EQUIPMENT_CNTRL_REQUEST_MT"}, "rule-action": "include"}, {"rule-type": "selection", "rule-id": "192", "rule-name": "192", "object-locator": {"schema-name": "MILMGR", "table-name": "MIL_EQUIPMENT_RESERVATION_MT"}, "rule-action": "include"}, {"rule-type": "selection", "rule-id": "193", "rule-name": "193", "object-locator": {"schema-name": "MILMGR", "table-name": "MIL_EQUIPMENT_TYPE_MZ"}, "rule-action": "include"}, {"rule-type": "selection", "rule-id": "194", "rule-name": "194", "object-locator": {"schema-name": "MILMGR", "table-name": "MIL_EQUIPMENT_XREF_MT"}, "rule-action": "include"}, {"rule-type": "selection", "rule-id": "195", "rule-name": "195", "object-locator": {"schema-name": "MILMGR", "table-name": "MIL_EQUIP_CNTRL_REQ_STATUS_MZ"}, "rule-action": "include"}, {"rule-type": "selection", "rule-id": "196", "rule-name": "196", "object-locator": {"schema-name": "MILMGR", "table-name": "MIL_EQUIP_MARKET_OVERRIDE_MT"}, "rule-action": "include"}, {"rule-type": "selection", "rule-id": "197", "rule-name": "197", "object-locator": {"schema-name": "MILMGR", "table-name": "MIL_EQUIP_MARKET_RESTRICT_MT"}, "rule-action": "include"}, {"rule-type": "selection", "rule-id": "198", "rule-name": "198", "object-locator": {"schema-name": "MILMGR", "table-name": "MIL_EQUIP_MARKET_USAGE_MT"}, "rule-action": "include"}, {"rule-type": "selection", "rule-id": "199", "rule-name": "199", "object-locator": {"schema-name": "MILMGR", "table-name": "MIL_EVENT_STATUS_MZ"}, "rule-action": "include"}, {"rule-type": "selection", "rule-id": "200", "rule-name": "200", "object-locator": {"schema-name": "MILMGR", "table-name": "MIL_EVENT_STATUS_TYPE_MZ"}, "rule-action": "include"}, {"rule-type": "selection", "rule-id": "201", "rule-name": "201", "object-locator": {"schema-name": "MILMGR", "table-name": "MIL_FEEDBACK_QUESTIONNAIRE_MZ"}, "rule-action": "include"}, {"rule-type": "selection", "rule-id": "202", "rule-name": "202", "object-locator": {"schema-name": "MILMGR", "table-name": "MIL_FINANCIAL_STATUS_MZ"}, "rule-action": "include"}, {"rule-type": "selection", "rule-id": "203", "rule-name": "203", "object-locator": {"schema-name": "MILMGR", "table-name": "MIL_FISCAL_CALENDAR_MZ"}, "rule-action": "include"}, {"rule-type": "selection", "rule-id": "204", "rule-name": "204", "object-locator": {"schema-name": "MILMGR", "table-name": "MIL_FREIGHT_CLASS_MZ"}, "rule-action": "include"}, {"rule-type": "selection", "rule-id": "205", "rule-name": "205", "object-locator": {"schema-name": "MILMGR", "table-name": "MIL_GL_ACCOUNT_MT"}, "rule-action": "include"}, {"rule-type": "selection", "rule-id": "206", "rule-name": "206", "object-locator": {"schema-name": "MILMGR", "table-name": "MIL_GL_ACCOUNT_TYPE_MZ"}, "rule-action": "include"}, {"rule-type": "selection", "rule-id": "207", "rule-name": "207", "object-locator": {"schema-name": "MILMGR", "table-name": "MIL_GPS_EVENT_DATA_MT"}, "rule-action": "include"}, {"rule-type": "selection", "rule-id": "208", "rule-name": "208", "object-locator": {"schema-name": "MILMGR", "table-name": "MIL_HAZARDOUS_CLASS_MZ"}, "rule-action": "include"}, {"rule-type": "selection", "rule-id": "209", "rule-name": "209", "object-locator": {"schema-name": "MILMGR", "table-name": "MIL_HAZARDOUS_PACKAGE_GROUP_MZ"}, "rule-action": "include"}, {"rule-type": "selection", "rule-id": "210", "rule-name": "210", "object-locator": {"schema-name": "MILMGR", "table-name": "MIL_HAZARDOUS_RESIDUE_MZ"}, "rule-action": "include"}, {"rule-type": "selection", "rule-id": "211", "rule-name": "211", "object-locator": {"schema-name": "MILMGR", "table-name": "MIL_HAZARDOUS_ZONE_MZ"}, "rule-action": "include"}, {"rule-type": "selection", "rule-id": "212", "rule-name": "212", "object-locator": {"schema-name": "MILMGR", "table-name": "MIL_HWY_ORDER_DOCUMENT_MT"}, "rule-action": "include"}, {"rule-type": "selection", "rule-id": "213", "rule-name": "213", "object-locator": {"schema-name": "MILMGR", "table-name": "MIL_HWY_ORDER_EXTENSION_MT"}, "rule-action": "include"}, {"rule-type": "selection", "rule-id": "214", "rule-name": "214", "object-locator": {"schema-name": "MILMGR", "table-name": "MIL_HWY_TRACKING_MT"}, "rule-action": "include"}, {"rule-type": "selection", "rule-id": "215", "rule-name": "215", "object-locator": {"schema-name": "MILMGR", "table-name": "MIL_HWY_TRACK_DELAY_CONF_MZ"}, "rule-action": "include"}, {"rule-type": "selection", "rule-id": "216", "rule-name": "216", "object-locator": {"schema-name": "MILMGR", "table-name": "MIL_HWY_TRACK_NOTIFICATION_MT"}, "rule-action": "include"}, {"rule-type": "selection", "rule-id": "217", "rule-name": "217", "object-locator": {"schema-name": "MILMGR", "table-name": "MIL_ICI_AUTOMATION_EMAIL_MZ"}, "rule-action": "include"}, {"rule-type": "selection", "rule-id": "218", "rule-name": "218", "object-locator": {"schema-name": "MILMGR", "table-name": "MIL_ICI_ORDER_RAIL_EVENT_RT_MT"}, "rule-action": "include"}, {"rule-type": "selection", "rule-id": "219", "rule-name": "219", "object-locator": {"schema-name": "MILMGR", "table-name": "MIL_ICI_QUEUE_MT"}, "rule-action": "include"}, {"rule-type": "selection", "rule-id": "220", "rule-name": "220", "object-locator": {"schema-name": "MILMGR", "table-name": "MIL_ICI_RAIL_ROUTE_MT"}, "rule-action": "include"}, {"rule-type": "selection", "rule-id": "221", "rule-name": "221", "object-locator": {"schema-name": "MILMGR", "table-name": "MIL_ICI_RAIL_ROUTE_SCHEDULE_MT"}, "rule-action": "include"}, {"rule-type": "selection", "rule-id": "222", "rule-name": "222", "object-locator": {"schema-name": "MILMGR", "table-name": "MIL_IMC_SEARCH_MZ"}, "rule-action": "include"}, {"rule-type": "selection", "rule-id": "223", "rule-name": "223", "object-locator": {"schema-name": "MILMGR", "table-name": "MIL_IMC_SEARCH_SAVED_FILTER_MT"}, "rule-action": "include"}, {"rule-type": "selection", "rule-id": "224", "rule-name": "224", "object-locator": {"schema-name": "MILMGR", "table-name": "MIL_IM_EQUIPMENT_LENGTH_MZ"}, "rule-action": "include"}, {"rule-type": "selection", "rule-id": "225", "rule-name": "225", "object-locator": {"schema-name": "MILMGR", "table-name": "MIL_IM_EQUIPMENT_MZ"}, "rule-action": "include"}, {"rule-type": "selection", "rule-id": "226", "rule-name": "226", "object-locator": {"schema-name": "MILMGR", "table-name": "MIL_IM_EQUIPMENT_PREFIX_ML"}, "rule-action": "include"}, {"rule-type": "selection", "rule-id": "227", "rule-name": "227", "object-locator": {"schema-name": "MILMGR", "table-name": "MIL_IM_EQUIPMENT_TYPE_MZ"}, "rule-action": "include"}, {"rule-type": "selection", "rule-id": "228", "rule-name": "228", "object-locator": {"schema-name": "MILMGR", "table-name": "MIL_IM_GATE_RESER_STATUS_MZ"}, "rule-action": "include"}, {"rule-type": "selection", "rule-id": "229", "rule-name": "229", "object-locator": {"schema-name": "MILMGR", "table-name": "MIL_IM_LINE_OF_BUSINESS_MZ"}, "rule-action": "include"}, {"rule-type": "selection", "rule-id": "230", "rule-name": "230", "object-locator": {"schema-name": "MILMGR", "table-name": "MIL_IM_MNC_EQUIP_322_MT"}, "rule-action": "include"}, {"rule-type": "selection", "rule-id": "231", "rule-name": "231", "object-locator": {"schema-name": "MILMGR", "table-name": "MIL_IM_MNC_EQUIP_FILE_MT"}, "rule-action": "include"}, {"rule-type": "selection", "rule-id": "232", "rule-name": "232", "object-locator": {"schema-name": "MILMGR", "table-name": "MIL_IM_ORDER_CHARGE_STATUS_MZ"}, "rule-action": "include"}, {"rule-type": "selection", "rule-id": "233", "rule-name": "233", "object-locator": {"schema-name": "MILMGR", "table-name": "MIL_IM_ORDER_CHASSIS_MT"}, "rule-action": "include"}, {"rule-type": "selection", "rule-id": "234", "rule-name": "234", "object-locator": {"schema-name": "MILMGR", "table-name": "MIL_IM_ORDER_COMMODITY_MT"}, "rule-action": "include"}, {"rule-type": "selection", "rule-id": "235", "rule-name": "235", "object-locator": {"schema-name": "MILMGR", "table-name": "MIL_IM_ORDER_DOCUMENT_MT"}, "rule-action": "include"}, {"rule-type": "selection", "rule-id": "236", "rule-name": "236", "object-locator": {"schema-name": "MILMGR", "table-name": "MIL_IM_ORDER_DOCUMENT_TYPE_MZ"}, "rule-action": "include"}, {"rule-type": "selection", "rule-id": "237", "rule-name": "237", "object-locator": {"schema-name": "MILMGR", "table-name": "MIL_IM_ORDER_ETA_MT"}, "rule-action": "include"}, {"rule-type": "selection", "rule-id": "238", "rule-name": "238", "object-locator": {"schema-name": "MILMGR", "table-name": "MIL_IM_ORDER_EXTENSION_MT"}, "rule-action": "include"}, {"rule-type": "selection", "rule-id": "239", "rule-name": "239", "object-locator": {"schema-name": "MILMGR", "table-name": "MIL_IM_ORDER_GT_RESERVATION_MT"}, "rule-action": "include"}, {"rule-type": "selection", "rule-id": "240", "rule-name": "240", "object-locator": {"schema-name": "MILMGR", "table-name": "MIL_IM_ORDER_INTERNATIONAL_MT"}, "rule-action": "include"}, {"rule-type": "selection", "rule-id": "241", "rule-name": "241", "object-locator": {"schema-name": "MILMGR", "table-name": "MIL_IM_ORDER_INTL_HOLD_MT"}, "rule-action": "include"}, {"rule-type": "selection", "rule-id": "242", "rule-name": "242", "object-locator": {"schema-name": "MILMGR", "table-name": "MIL_IM_ORDER_RAIL_EVENT_MT"}, "rule-action": "include"}, {"rule-type": "selection", "rule-id": "243", "rule-name": "243", "object-locator": {"schema-name": "MILMGR", "table-name": "MIL_IM_ORDER_SEAL_MT"}, "rule-action": "include"}, {"rule-type": "selection", "rule-id": "244", "rule-name": "244", "object-locator": {"schema-name": "MILMGR", "table-name": "MIL_IM_ORDER_SEARCH_MT"}, "rule-action": "include"}, {"rule-type": "selection", "rule-id": "245", "rule-name": "245", "object-locator": {"schema-name": "MILMGR", "table-name": "MIL_IM_ORDER_STATUS_MZ"}, "rule-action": "include"}, {"rule-type": "selection", "rule-id": "246", "rule-name": "246", "object-locator": {"schema-name": "MILMGR", "table-name": "MIL_IM_ORDER_UNIT_MT"}, "rule-action": "include"}, {"rule-type": "selection", "rule-id": "247", "rule-name": "247", "object-locator": {"schema-name": "MILMGR", "table-name": "MIL_IM_ORD_SUPPL_INV_STATUS_MZ"}, "rule-action": "include"}, {"rule-type": "selection", "rule-id": "248", "rule-name": "248", "object-locator": {"schema-name": "MILMGR", "table-name": "MIL_IM_QUOTE_COST_MT"}, "rule-action": "include"}, {"rule-type": "selection", "rule-id": "249", "rule-name": "249", "object-locator": {"schema-name": "MILMGR", "table-name": "MIL_IM_QUOTE_LEG_MISC_COST_MT"}, "rule-action": "include"}, {"rule-type": "selection", "rule-id": "250", "rule-name": "250", "object-locator": {"schema-name": "MILMGR", "table-name": "MIL_IM_QUOTE_MISC_COST_MT"}, "rule-action": "include"}, {"rule-type": "selection", "rule-id": "251", "rule-name": "251", "object-locator": {"schema-name": "MILMGR", "table-name": "MIL_IM_QUOTE_MT"}, "rule-action": "include"}, {"rule-type": "selection", "rule-id": "252", "rule-name": "252", "object-locator": {"schema-name": "MILMGR", "table-name": "MIL_IM_QUOTE_NOTE_MT"}, "rule-action": "include"}, {"rule-type": "selection", "rule-id": "253", "rule-name": "253", "object-locator": {"schema-name": "MILMGR", "table-name": "MIL_IM_QUOTE_NOTE_TYPE_MZ"}, "rule-action": "include"}, {"rule-type": "selection", "rule-id": "254", "rule-name": "254", "object-locator": {"schema-name": "MILMGR", "table-name": "MIL_IM_QUOTE_SERVICE_MZ"}, "rule-action": "include"}, {"rule-type": "selection", "rule-id": "255", "rule-name": "255", "object-locator": {"schema-name": "MILMGR", "table-name": "MIL_IM_QUOTE_SERVICE_TYPE_MZ"}, "rule-action": "include"}, {"rule-type": "selection", "rule-id": "256", "rule-name": "256", "object-locator": {"schema-name": "MILMGR", "table-name": "MIL_IM_QUOTE_STATUS_MZ"}, "rule-action": "include"}, {"rule-type": "selection", "rule-id": "257", "rule-name": "257", "object-locator": {"schema-name": "MILMGR", "table-name": "MIL_IM_QUOTE_STOP_MT"}, "rule-action": "include"}, {"rule-type": "selection", "rule-id": "258", "rule-name": "258", "object-locator": {"schema-name": "MILMGR", "table-name": "MIL_IM_QUOTE_SUPPLEMENTAL_MT"}, "rule-action": "include"}, {"rule-type": "selection", "rule-id": "259", "rule-name": "259", "object-locator": {"schema-name": "MILMGR", "table-name": "MIL_IM_RS_RAILEVENTS_MT"}, "rule-action": "include"}, {"rule-type": "selection", "rule-id": "260", "rule-name": "260", "object-locator": {"schema-name": "MILMGR", "table-name": "MIL_INSURANCE_DEFAULT_MZ"}, "rule-action": "include"}, {"rule-type": "selection", "rule-id": "261", "rule-name": "261", "object-locator": {"schema-name": "MILMGR", "table-name": "MIL_INSURANCE_EXCEPTION_MZ"}, "rule-action": "include"}, {"rule-type": "selection", "rule-id": "262", "rule-name": "262", "object-locator": {"schema-name": "MILMGR", "table-name": "MIL_INTERCOMPANY_CHECK_ML"}, "rule-action": "include"}, {"rule-type": "selection", "rule-id": "263", "rule-name": "263", "object-locator": {"schema-name": "MILMGR", "table-name": "MIL_INTERCOMPANY_HEADER_MT"}, "rule-action": "include"}, {"rule-type": "selection", "rule-id": "264", "rule-name": "264", "object-locator": {"schema-name": "MILMGR", "table-name": "MIL_INTERNATIONAL_HOLD_TYPE_MZ"}, "rule-action": "include"}, {"rule-type": "selection", "rule-id": "265", "rule-name": "265", "object-locator": {"schema-name": "MILMGR", "table-name": "MIL_INVOICE_STATUS_MZ"}, "rule-action": "include"}, {"rule-type": "selection", "rule-id": "266", "rule-name": "266", "object-locator": {"schema-name": "MILMGR", "table-name": "MIL_INVOICE_TRANS_TYPE_MZ"}, "rule-action": "include"}, {"rule-type": "selection", "rule-id": "267", "rule-name": "267", "object-locator": {"schema-name": "MILMGR", "table-name": "MIL_ISSUE_QUEUE_MT"}, "rule-action": "include"}, {"rule-type": "selection", "rule-id": "268", "rule-name": "268", "object-locator": {"schema-name": "MILMGR", "table-name": "MIL_LINE_OF_BUSINESS_MZ"}, "rule-action": "include"}, {"rule-type": "selection", "rule-id": "269", "rule-name": "269", "object-locator": {"schema-name": "MILMGR", "table-name": "MIL_LOADTRACK_LOC_UPDT_MT"}, "rule-action": "include"}, {"rule-type": "selection", "rule-id": "270", "rule-name": "270", "object-locator": {"schema-name": "MILMGR", "table-name": "MIL_LOADTRACK_SC_LOAD_MT"}, "rule-action": "include"}, {"rule-type": "selection", "rule-id": "271", "rule-name": "271", "object-locator": {"schema-name": "MILMGR", "table-name": "MIL_LOAD_POST_HEADER_MT"}, "rule-action": "include"}, {"rule-type": "selection", "rule-id": "272", "rule-name": "272", "object-locator": {"schema-name": "MILMGR", "table-name": "MIL_LOAD_POST_LOCATION_MT"}, "rule-action": "include"}, {"rule-type": "selection", "rule-id": "273", "rule-name": "273", "object-locator": {"schema-name": "MILMGR", "table-name": "MIL_LOAD_POST_MT"}, "rule-action": "include"}, {"rule-type": "selection", "rule-id": "274", "rule-name": "274", "object-locator": {"schema-name": "MILMGR", "table-name": "MIL_LOAD_POST_PICKUP_DATE_MT"}, "rule-action": "include"}, {"rule-type": "selection", "rule-id": "275", "rule-name": "275", "object-locator": {"schema-name": "MILMGR", "table-name": "MIL_LOAD_POST_STATUS_MZ"}, "rule-action": "include"}, {"rule-type": "selection", "rule-id": "276", "rule-name": "276", "object-locator": {"schema-name": "MILMGR", "table-name": "MIL_LTL_SERVICE_TYPE_MZ"}, "rule-action": "include"}, {"rule-type": "selection", "rule-id": "277", "rule-name": "277", "object-locator": {"schema-name": "MILMGR", "table-name": "MIL_LT_DRIVER_MSG_MT"}, "rule-action": "include"}, {"rule-type": "selection", "rule-id": "278", "rule-name": "278", "object-locator": {"schema-name": "MILMGR", "table-name": "MIL_MACROPOINT_DETAIL_MT"}, "rule-action": "include"}, {"rule-type": "selection", "rule-id": "279", "rule-name": "279", "object-locator": {"schema-name": "MILMGR", "table-name": "MIL_MARGIN_DEFAULT_MZ"}, "rule-action": "include"}, {"rule-type": "selection", "rule-id": "280", "rule-name": "280", "object-locator": {"schema-name": "MILMGR", "table-name": "MIL_MARGIN_EXCEPTION_CUST_MZ"}, "rule-action": "include"}, {"rule-type": "selection", "rule-id": "281", "rule-name": "281", "object-locator": {"schema-name": "MILMGR", "table-name": "MIL_MARGIN_EXCEPTION_MZ"}, "rule-action": "include"}, {"rule-type": "selection", "rule-id": "282", "rule-name": "282", "object-locator": {"schema-name": "MILMGR", "table-name": "MIL_MENU_BOOKS_MZ"}, "rule-action": "include"}, {"rule-type": "selection", "rule-id": "283", "rule-name": "283", "object-locator": {"schema-name": "MILMGR", "table-name": "MIL_MENU_LINK_MZ"}, "rule-action": "include"}, {"rule-type": "selection", "rule-id": "284", "rule-name": "284", "object-locator": {"schema-name": "MILMGR", "table-name": "MIL_MENU_PAGES_MZ"}, "rule-action": "include"}, {"rule-type": "selection", "rule-id": "285", "rule-name": "285", "object-locator": {"schema-name": "MILMGR", "table-name": "MIL_MFW_CARRIERS_MT"}, "rule-action": "include"}, {"rule-type": "selection", "rule-id": "286", "rule-name": "286", "object-locator": {"schema-name": "MILMGR", "table-name": "MIL_MGMT_FEE_MT"}, "rule-action": "include"}, {"rule-type": "selection", "rule-id": "287", "rule-name": "287", "object-locator": {"schema-name": "MILMGR", "table-name": "MIL_MISC_COST_CUSTOMER_MT"}, "rule-action": "include"}, {"rule-type": "selection", "rule-id": "288", "rule-name": "288", "object-locator": {"schema-name": "MILMGR", "table-name": "MIL_MISC_COST_MT"}, "rule-action": "include"}, {"rule-type": "selection", "rule-id": "289", "rule-name": "289", "object-locator": {"schema-name": "MILMGR", "table-name": "MIL_MISC_COST_RAMP_MT"}, "rule-action": "include"}, {"rule-type": "selection", "rule-id": "290", "rule-name": "290", "object-locator": {"schema-name": "MILMGR", "table-name": "MIL_MISC_ORDER_STATUS"}, "rule-action": "include"}, {"rule-type": "selection", "rule-id": "291", "rule-name": "291", "object-locator": {"schema-name": "MILMGR", "table-name": "MIL_MLHU_DEST_RESTRICTION_MT"}, "rule-action": "include"}, {"rule-type": "selection", "rule-id": "292", "rule-name": "292", "object-locator": {"schema-name": "MILMGR", "table-name": "MIL_MLHU_LANE_RESTRICTION_MT"}, "rule-action": "include"}, {"rule-type": "selection", "rule-id": "293", "rule-name": "293", "object-locator": {"schema-name": "MILMGR", "table-name": "MIL_MOVE_TYPE_MZ"}, "rule-action": "include"}, {"rule-type": "selection", "rule-id": "294", "rule-name": "294", "object-locator": {"schema-name": "MILMGR", "table-name": "MIL_MUP_CARRIER_OPP_MT"}, "rule-action": "include"}, {"rule-type": "selection", "rule-id": "295", "rule-name": "295", "object-locator": {"schema-name": "MILMGR", "table-name": "MIL_MUP_CHANNEL_CONFLICT_MT"}, "rule-action": "include"}, {"rule-type": "selection", "rule-id": "296", "rule-name": "296", "object-locator": {"schema-name": "MILMGR", "table-name": "MIL_MUP_DD_CAPACITY_MT"}, "rule-action": "include"}, {"rule-type": "selection", "rule-id": "297", "rule-name": "297", "object-locator": {"schema-name": "MILMGR", "table-name": "MIL_MUP_DRAY_COST_MASS_VER_MT"}, "rule-action": "include"}, {"rule-type": "selection", "rule-id": "298", "rule-name": "298", "object-locator": {"schema-name": "MILMGR", "table-name": "MIL_MUP_DRAY_COST_MT"}, "rule-action": "include"}, {"rule-type": "selection", "rule-id": "299", "rule-name": "299", "object-locator": {"schema-name": "MILMGR", "table-name": "MIL_MUP_MARGIN_EXCEP_MT"}, "rule-action": "include"}, {"rule-type": "selection", "rule-id": "300", "rule-name": "300", "object-locator": {"schema-name": "MILMGR", "table-name": "MIL_MUP_OTR_CRM_MT"}, "rule-action": "include"}, {"rule-type": "selection", "rule-id": "301", "rule-name": "301", "object-locator": {"schema-name": "MILMGR", "table-name": "MIL_MUP_OTR_RM_MT"}, "rule-action": "include"}, {"rule-type": "selection", "rule-id": "302", "rule-name": "302", "object-locator": {"schema-name": "MILMGR", "table-name": "MIL_MUP_RAIL_COST_MASS_VER_MT"}, "rule-action": "include"}, {"rule-type": "selection", "rule-id": "303", "rule-name": "303", "object-locator": {"schema-name": "MILMGR", "table-name": "MIL_MUP_RAIL_COST_MT"}, "rule-action": "include"}, {"rule-type": "selection", "rule-id": "304", "rule-name": "304", "object-locator": {"schema-name": "MILMGR", "table-name": "MIL_MUP_REQUEST_MT"}, "rule-action": "include"}, {"rule-type": "selection", "rule-id": "305", "rule-name": "305", "object-locator": {"schema-name": "MILMGR", "table-name": "MIL_MUP_REQ_DATA_MT"}, "rule-action": "include"}, {"rule-type": "selection", "rule-id": "306", "rule-name": "306", "object-locator": {"schema-name": "MILMGR", "table-name": "MIL_MUP_REQ_METADATA_MT"}, "rule-action": "include"}, {"rule-type": "selection", "rule-id": "307", "rule-name": "307", "object-locator": {"schema-name": "MILMGR", "table-name": "MIL_MUP_REQ_ROWDATA_MT"}, "rule-action": "include"}, {"rule-type": "selection", "rule-id": "308", "rule-name": "308", "object-locator": {"schema-name": "MILMGR", "table-name": "MIL_MUP_SMALL_BOX_MT"}, "rule-action": "include"}, {"rule-type": "selection", "rule-id": "309", "rule-name": "309", "object-locator": {"schema-name": "MILMGR", "table-name": "MIL_MUP_STATUS_MZ"}, "rule-action": "include"}, {"rule-type": "selection", "rule-id": "310", "rule-name": "310", "object-locator": {"schema-name": "MILMGR", "table-name": "MIL_MUP_STREET_TURN_REF_MT"}, "rule-action": "include"}, {"rule-type": "selection", "rule-id": "311", "rule-name": "311", "object-locator": {"schema-name": "MILMGR", "table-name": "MIL_MUP_TYPE_COLS_MZ"}, "rule-action": "include"}, {"rule-type": "selection", "rule-id": "312", "rule-name": "312", "object-locator": {"schema-name": "MILMGR", "table-name": "MIL_MUP_TYPE_MZ"}, "rule-action": "include"}, {"rule-type": "selection", "rule-id": "313", "rule-name": "313", "object-locator": {"schema-name": "MILMGR", "table-name": "MIL_MX_SUBDIV_MZ"}, "rule-action": "include"}, {"rule-type": "selection", "rule-id": "314", "rule-name": "314", "object-locator": {"schema-name": "MILMGR", "table-name": "MIL_NOTIFICATION_CONFIG_MT"}, "rule-action": "include"}, {"rule-type": "selection", "rule-id": "315", "rule-name": "315", "object-locator": {"schema-name": "MILMGR", "table-name": "MIL_NOTIFICATION_TRACKING_MT"}, "rule-action": "include"}, {"rule-type": "selection", "rule-id": "316", "rule-name": "316", "object-locator": {"schema-name": "MILMGR", "table-name": "MIL_NOTIFICATION_TYPE_MZ"}, "rule-action": "include"}, {"rule-type": "selection", "rule-id": "317", "rule-name": "317", "object-locator": {"schema-name": "MILMGR", "table-name": "MIL_NOTIFY_CONFIG_TYPE_ML"}, "rule-action": "include"}, {"rule-type": "selection", "rule-id": "318", "rule-name": "318", "object-locator": {"schema-name": "MILMGR", "table-name": "MIL_OFFICE_LINE_OF_BUSINESS_ML"}, "rule-action": "include"}, {"rule-type": "selection", "rule-id": "319", "rule-name": "319", "object-locator": {"schema-name": "MILMGR", "table-name": "MIL_OFFICE_MT"}, "rule-action": "include"}, {"rule-type": "selection", "rule-id": "320", "rule-name": "320", "object-locator": {"schema-name": "MILMGR", "table-name": "MIL_ONTIME_PERFORM_ISSUE_MZ"}, "rule-action": "include"}, {"rule-type": "selection", "rule-id": "321", "rule-name": "321", "object-locator": {"schema-name": "MILMGR", "table-name": "MIL_ONTIME_PERFORM_REASON_MZ"}, "rule-action": "include"}, {"rule-type": "selection", "rule-id": "322", "rule-name": "322", "object-locator": {"schema-name": "MILMGR", "table-name": "MIL_OPTIMIZATION_REASON_MZ"}, "rule-action": "include"}, {"rule-type": "selection", "rule-id": "323", "rule-name": "323", "object-locator": {"schema-name": "MILMGR", "table-name": "MIL_ORDER_ATTACHMENT_HOLD_MT"}, "rule-action": "include"}, {"rule-type": "selection", "rule-id": "324", "rule-name": "324", "object-locator": {"schema-name": "MILMGR", "table-name": "MIL_ORDER_ATTCHMNT_HLD_DOC_MT"}, "rule-action": "include"}, {"rule-type": "selection", "rule-id": "325", "rule-name": "325", "object-locator": {"schema-name": "MILMGR", "table-name": "MIL_ORDER_CANCEL_REASON_MT"}, "rule-action": "include"}, {"rule-type": "selection", "rule-id": "326", "rule-name": "326", "object-locator": {"schema-name": "MILMGR", "table-name": "MIL_ORDER_CHARGE_ARCHIVE_MT"}, "rule-action": "include"}, {"rule-type": "selection", "rule-id": "327", "rule-name": "327", "object-locator": {"schema-name": "MILMGR", "table-name": "MIL_ORDER_CHARGE_MT"}, "rule-action": "include"}, {"rule-type": "selection", "rule-id": "328", "rule-name": "328", "object-locator": {"schema-name": "MILMGR", "table-name": "MIL_ORDER_COMMENT_MT"}, "rule-action": "include"}, {"rule-type": "selection", "rule-id": "329", "rule-name": "329", "object-locator": {"schema-name": "MILMGR", "table-name": "MIL_ORDER_CONSOLIDATION_MT"}, "rule-action": "include"}, {"rule-type": "selection", "rule-id": "330", "rule-name": "330", "object-locator": {"schema-name": "MILMGR", "table-name": "MIL_ORDER_CONS_PROJ_STATUS_MZ"}, "rule-action": "include"}, {"rule-type": "selection", "rule-id": "331", "rule-name": "331", "object-locator": {"schema-name": "MILMGR", "table-name": "MIL_ORDER_CSR_INCENTIVE_MT"}, "rule-action": "include"}, {"rule-type": "selection", "rule-id": "332", "rule-name": "332", "object-locator": {"schema-name": "MILMGR", "table-name": "MIL_ORDER_EVENT_TRACK_MT"}, "rule-action": "include"}, {"rule-type": "selection", "rule-id": "333", "rule-name": "333", "object-locator": {"schema-name": "MILMGR", "table-name": "MIL_ORDER_MT"}, "rule-action": "include"}, {"rule-type": "selection", "rule-id": "334", "rule-name": "334", "object-locator": {"schema-name": "MILMGR", "table-name": "MIL_ORDER_NOTE_TYPE_MZ"}, "rule-action": "include"}, {"rule-type": "selection", "rule-id": "335", "rule-name": "335", "object-locator": {"schema-name": "MILMGR", "table-name": "MIL_ORDER_PROJECT_MT"}, "rule-action": "include"}, {"rule-type": "selection", "rule-id": "336", "rule-name": "336", "object-locator": {"schema-name": "MILMGR", "table-name": "MIL_ORDER_SHIPMENT_ML"}, "rule-action": "include"}, {"rule-type": "selection", "rule-id": "337", "rule-name": "337", "object-locator": {"schema-name": "MILMGR", "table-name": "MIL_ORDER_SPECIAL_REQT_MT"}, "rule-action": "include"}, {"rule-type": "selection", "rule-id": "338", "rule-name": "338", "object-locator": {"schema-name": "MILMGR", "table-name": "MIL_ORDER_STATUS_MZ"}, "rule-action": "include"}, {"rule-type": "selection", "rule-id": "339", "rule-name": "339", "object-locator": {"schema-name": "MILMGR", "table-name": "MIL_ORDER_TRACK_RS_ETA_MT"}, "rule-action": "include"}, {"rule-type": "selection", "rule-id": "340", "rule-name": "340", "object-locator": {"schema-name": "MILMGR", "table-name": "MIL_ORIGIN_DRAY_MT"}, "rule-action": "include"}, {"rule-type": "selection", "rule-id": "341", "rule-name": "341", "object-locator": {"schema-name": "MILMGR", "table-name": "MIL_ORIGIN_POOL_DESTINATION_MT"}, "rule-action": "include"}, {"rule-type": "selection", "rule-id": "342", "rule-name": "342", "object-locator": {"schema-name": "MILMGR", "table-name": "MIL_ORIGIN_POOL_DIEM_CHARGE_MT"}, "rule-action": "include"}, {"rule-type": "selection", "rule-id": "343", "rule-name": "343", "object-locator": {"schema-name": "MILMGR", "table-name": "MIL_ORIGIN_POOL_MT"}, "rule-action": "include"}, {"rule-type": "selection", "rule-id": "344", "rule-name": "344", "object-locator": {"schema-name": "MILMGR", "table-name": "MIL_ORIGIN_POOL_NOTE_MT"}, "rule-action": "include"}, {"rule-type": "selection", "rule-id": "345", "rule-name": "345", "object-locator": {"schema-name": "MILMGR", "table-name": "MIL_ORIGIN_POOL_STATUS_MZ"}, "rule-action": "include"}, {"rule-type": "selection", "rule-id": "346", "rule-name": "346", "object-locator": {"schema-name": "MILMGR", "table-name": "MIL_OTR_CUSTOMER_RATE_MATRX_MZ"}, "rule-action": "include"}, {"rule-type": "selection", "rule-id": "347", "rule-name": "347", "object-locator": {"schema-name": "MILMGR", "table-name": "MIL_OTR_MATRIX_SOURCE_MZ"}, "rule-action": "include"}, {"rule-type": "selection", "rule-id": "348", "rule-name": "348", "object-locator": {"schema-name": "MILMGR", "table-name": "MIL_OTR_RATE_MATRIX_MZ"}, "rule-action": "include"}, {"rule-type": "selection", "rule-id": "349", "rule-name": "349", "object-locator": {"schema-name": "MILMGR", "table-name": "MIL_PACKAGE_CLASS_MZ"}, "rule-action": "include"}, {"rule-type": "selection", "rule-id": "350", "rule-name": "350", "object-locator": {"schema-name": "MILMGR", "table-name": "MIL_PACKAGE_MT"}, "rule-action": "include"}, {"rule-type": "selection", "rule-id": "351", "rule-name": "351", "object-locator": {"schema-name": "MILMGR", "table-name": "MIL_PACKAGE_TYPE_MZ"}, "rule-action": "include"}, {"rule-type": "selection", "rule-id": "352", "rule-name": "352", "object-locator": {"schema-name": "MILMGR", "table-name": "MIL_PCMILER_AUDITLOG_MT"}, "rule-action": "include"}, {"rule-type": "selection", "rule-id": "353", "rule-name": "353", "object-locator": {"schema-name": "MILMGR", "table-name": "MIL_PDF_DOCUMENT_QUEUE_MT"}, "rule-action": "include"}, {"rule-type": "selection", "rule-id": "354", "rule-name": "354", "object-locator": {"schema-name": "MILMGR", "table-name": "MIL_PDF_DOCUMENT_TYPE_MZ"}, "rule-action": "include"}, {"rule-type": "selection", "rule-id": "355", "rule-name": "355", "object-locator": {"schema-name": "MILMGR", "table-name": "MIL_PDF_DOC_QUEUE_REF_ML"}, "rule-action": "include"}, {"rule-type": "selection", "rule-id": "356", "rule-name": "356", "object-locator": {"schema-name": "MILMGR", "table-name": "MIL_PDF_ENTITY_TYPE_MZ"}, "rule-action": "include"}, {"rule-type": "selection", "rule-id": "357", "rule-name": "357", "object-locator": {"schema-name": "MILMGR", "table-name": "MIL_PE_MISC_COST_MG"}, "rule-action": "include"}, {"rule-type": "selection", "rule-id": "358", "rule-name": "358", "object-locator": {"schema-name": "MILMGR", "table-name": "MIL_PE_ORDER_MT"}, "rule-action": "include"}, {"rule-type": "selection", "rule-id": "359", "rule-name": "359", "object-locator": {"schema-name": "MILMGR", "table-name": "MIL_PE_OTR_MATRIX_SOURCE_MZ"}, "rule-action": "include"}, {"rule-type": "selection", "rule-id": "360", "rule-name": "360", "object-locator": {"schema-name": "MILMGR", "table-name": "MIL_PIER_MZ"}, "rule-action": "include"}, {"rule-type": "selection", "rule-id": "361", "rule-name": "361", "object-locator": {"schema-name": "MILMGR", "table-name": "MIL_PORTAL_CSR_MT"}, "rule-action": "include"}, {"rule-type": "selection", "rule-id": "362", "rule-name": "362", "object-locator": {"schema-name": "MILMGR", "table-name": "MIL_PORTAL_RATE_QUOTE_MT"}, "rule-action": "include"}, {"rule-type": "selection", "rule-id": "363", "rule-name": "363", "object-locator": {"schema-name": "MILMGR", "table-name": "MIL_PORTAL_REPORT_FIELD_MT"}, "rule-action": "include"}, {"rule-type": "selection", "rule-id": "364", "rule-name": "364", "object-locator": {"schema-name": "MILMGR", "table-name": "MIL_PORTAL_REPORT_MT"}, "rule-action": "include"}, {"rule-type": "selection", "rule-id": "365", "rule-name": "365", "object-locator": {"schema-name": "MILMGR", "table-name": "MIL_PORTAL_TERM_MZ"}, "rule-action": "include"}, {"rule-type": "selection", "rule-id": "366", "rule-name": "366", "object-locator": {"schema-name": "MILMGR", "table-name": "MIL_PORTAL_USER_CNTL_PRTY_ML"}, "rule-action": "include"}, {"rule-type": "selection", "rule-id": "367", "rule-name": "367", "object-locator": {"schema-name": "MILMGR", "table-name": "MIL_PORTAL_USER_CSR_MT"}, "rule-action": "include"}, {"rule-type": "selection", "rule-id": "368", "rule-name": "368", "object-locator": {"schema-name": "MILMGR", "table-name": "MIL_PORTAL_USER_LOB_ML"}, "rule-action": "include"}, {"rule-type": "selection", "rule-id": "369", "rule-name": "369", "object-locator": {"schema-name": "MILMGR", "table-name": "MIL_PORTAL_USER_MT"}, "rule-action": "include"}, {"rule-type": "selection", "rule-id": "370", "rule-name": "370", "object-locator": {"schema-name": "MILMGR", "table-name": "MIL_PORTAL_USER_ORDER_REF_MT"}, "rule-action": "include"}, {"rule-type": "selection", "rule-id": "371", "rule-name": "371", "object-locator": {"schema-name": "MILMGR", "table-name": "MIL_PORTAL_USER_RELATION_MT"}, "rule-action": "include"}, {"rule-type": "selection", "rule-id": "372", "rule-name": "372", "object-locator": {"schema-name": "MILMGR", "table-name": "MIL_PORTAL_USER_SERVICE_MT"}, "rule-action": "include"}, {"rule-type": "selection", "rule-id": "373", "rule-name": "373", "object-locator": {"schema-name": "MILMGR", "table-name": "MIL_POSTAL_CA_MZ"}, "rule-action": "include"}, {"rule-type": "selection", "rule-id": "374", "rule-name": "374", "object-locator": {"schema-name": "MILMGR", "table-name": "MIL_POSTAL_MX_MZ"}, "rule-action": "include"}, {"rule-type": "selection", "rule-id": "375", "rule-name": "375", "object-locator": {"schema-name": "MILMGR", "table-name": "MIL_POSTAL_US_MZ"}, "rule-action": "include"}, {"rule-type": "selection", "rule-id": "376", "rule-name": "376", "object-locator": {"schema-name": "MILMGR", "table-name": "MIL_PROPORTIONAL_ROUTE_MZ"}, "rule-action": "include"}, {"rule-type": "selection", "rule-id": "377", "rule-name": "377", "object-locator": {"schema-name": "MILMGR", "table-name": "MIL_QRTZ_BLOB_TRIGGERS"}, "rule-action": "include"}, {"rule-type": "selection", "rule-id": "378", "rule-name": "378", "object-locator": {"schema-name": "MILMGR", "table-name": "MIL_QRTZ_CALENDARS"}, "rule-action": "include"}, {"rule-type": "selection", "rule-id": "379", "rule-name": "379", "object-locator": {"schema-name": "MILMGR", "table-name": "MIL_QRTZ_CRON_TRIGGERS"}, "rule-action": "include"}, {"rule-type": "selection", "rule-id": "380", "rule-name": "380", "object-locator": {"schema-name": "MILMGR", "table-name": "MIL_QRTZ_FIRED_TRIGGERS"}, "rule-action": "include"}, {"rule-type": "selection", "rule-id": "381", "rule-name": "381", "object-locator": {"schema-name": "MILMGR", "table-name": "MIL_QRTZ_JOB_DETAILS"}, "rule-action": "include"}, {"rule-type": "selection", "rule-id": "382", "rule-name": "382", "object-locator": {"schema-name": "MILMGR", "table-name": "MIL_QRTZ_JOB_LISTENERS"}, "rule-action": "include"}, {"rule-type": "selection", "rule-id": "383", "rule-name": "383", "object-locator": {"schema-name": "MILMGR", "table-name": "MIL_QRTZ_LOCKS"}, "rule-action": "include"}, {"rule-type": "selection", "rule-id": "384", "rule-name": "384", "object-locator": {"schema-name": "MILMGR", "table-name": "MIL_QRTZ_PAUSED_TRIGGER_GRPS"}, "rule-action": "include"}, {"rule-type": "selection", "rule-id": "385", "rule-name": "385", "object-locator": {"schema-name": "MILMGR", "table-name": "MIL_QRTZ_SCHEDULER_STATE"}, "rule-action": "include"}, {"rule-type": "selection", "rule-id": "386", "rule-name": "386", "object-locator": {"schema-name": "MILMGR", "table-name": "MIL_QRTZ_SIMPLE_TRIGGERS"}, "rule-action": "include"}, {"rule-type": "selection", "rule-id": "387", "rule-name": "387", "object-locator": {"schema-name": "MILMGR", "table-name": "MIL_QRTZ_TRIGGERS"}, "rule-action": "include"}, {"rule-type": "selection", "rule-id": "388", "rule-name": "388", "object-locator": {"schema-name": "MILMGR", "table-name": "MIL_QRTZ_TRIGGER_LISTENERS"}, "rule-action": "include"}, {"rule-type": "selection", "rule-id": "389", "rule-name": "389", "object-locator": {"schema-name": "MILMGR", "table-name": "MIL_QUOTE_CHARGE_ML"}, "rule-action": "include"}, {"rule-type": "selection", "rule-id": "390", "rule-name": "390", "object-locator": {"schema-name": "MILMGR", "table-name": "MIL_QUOTE_COMMENT_MT"}, "rule-action": "include"}, {"rule-type": "selection", "rule-id": "391", "rule-name": "391", "object-locator": {"schema-name": "MILMGR", "table-name": "MIL_QUOTE_MT"}, "rule-action": "include"}, {"rule-type": "selection", "rule-id": "392", "rule-name": "392", "object-locator": {"schema-name": "MILMGR", "table-name": "MIL_QUOTE_PACKAGE_MT"}, "rule-action": "include"}, {"rule-type": "selection", "rule-id": "393", "rule-name": "393", "object-locator": {"schema-name": "MILMGR", "table-name": "MIL_QUOTE_RATE_HISTORY_MT"}, "rule-action": "include"}, {"rule-type": "selection", "rule-id": "394", "rule-name": "394", "object-locator": {"schema-name": "MILMGR", "table-name": "MIL_QUOTE_RATE_MT"}, "rule-action": "include"}, {"rule-type": "selection", "rule-id": "395", "rule-name": "395", "object-locator": {"schema-name": "MILMGR", "table-name": "MIL_QUOTE_STATUS_MZ"}, "rule-action": "include"}, {"rule-type": "selection", "rule-id": "396", "rule-name": "396", "object-locator": {"schema-name": "MILMGR", "table-name": "MIL_QUOTE_STOP_MT"}, "rule-action": "include"}, {"rule-type": "selection", "rule-id": "397", "rule-name": "397", "object-locator": {"schema-name": "MILMGR", "table-name": "MIL_RAIL2_MG"}, "rule-action": "include"}, {"rule-type": "selection", "rule-id": "398", "rule-name": "398", "object-locator": {"schema-name": "MILMGR", "table-name": "MIL_RAIL_COST_CUSTOMER_MT"}, "rule-action": "include"}, {"rule-type": "selection", "rule-id": "399", "rule-name": "399", "object-locator": {"schema-name": "MILMGR", "table-name": "MIL_RAIL_COST_EXCL_OFFICE_MT"}, "rule-action": "include"}, {"rule-type": "selection", "rule-id": "400", "rule-name": "400", "object-locator": {"schema-name": "MILMGR", "table-name": "MIL_RAIL_COST_MT"}, "rule-action": "include"}, {"rule-type": "selection", "rule-id": "401", "rule-name": "401", "object-locator": {"schema-name": "MILMGR", "table-name": "MIL_RAIL_COST_ROUTING_MT"}, "rule-action": "include"}, {"rule-type": "selection", "rule-id": "402", "rule-name": "402", "object-locator": {"schema-name": "MILMGR", "table-name": "MIL_RAIL_EVENT_ACTIVITY_MZ"}, "rule-action": "include"}, {"rule-type": "selection", "rule-id": "403", "rule-name": "403", "object-locator": {"schema-name": "MILMGR", "table-name": "MIL_RAIL_LEG_MT"}, "rule-action": "include"}, {"rule-type": "selection", "rule-id": "404", "rule-name": "404", "object-locator": {"schema-name": "MILMGR", "table-name": "MIL_RAIL_MISC_COST_MT"}, "rule-action": "include"}, {"rule-type": "selection", "rule-id": "405", "rule-name": "405", "object-locator": {"schema-name": "MILMGR", "table-name": "MIL_RAIL_PLAN_MZ"}, "rule-action": "include"}, {"rule-type": "selection", "rule-id": "406", "rule-name": "406", "object-locator": {"schema-name": "MILMGR", "table-name": "MIL_RAIL_SCHEDULE_DETAIL_MT"}, "rule-action": "include"}, {"rule-type": "selection", "rule-id": "407", "rule-name": "407", "object-locator": {"schema-name": "MILMGR", "table-name": "MIL_RAIL_SCHEDULE_MT"}, "rule-action": "include"}, {"rule-type": "selection", "rule-id": "408", "rule-name": "408", "object-locator": {"schema-name": "MILMGR", "table-name": "MIL_RAMP_GROUP_MZ"}, "rule-action": "include"}, {"rule-type": "selection", "rule-id": "409", "rule-name": "409", "object-locator": {"schema-name": "MILMGR", "table-name": "MIL_RAMP_MZ"}, "rule-action": "include"}, {"rule-type": "selection", "rule-id": "410", "rule-name": "410", "object-locator": {"schema-name": "MILMGR", "table-name": "MIL_RATE_LIMIT_MZ"}, "rule-action": "include"}, {"rule-type": "selection", "rule-id": "411", "rule-name": "411", "object-locator": {"schema-name": "MILMGR", "table-name": "MIL_RATE_LIMIT_TRACKING_MT"}, "rule-action": "include"}, {"rule-type": "selection", "rule-id": "412", "rule-name": "412", "object-locator": {"schema-name": "MILMGR", "table-name": "MIL_REASON_MZ"}, "rule-action": "include"}, {"rule-type": "selection", "rule-id": "413", "rule-name": "413", "object-locator": {"schema-name": "MILMGR", "table-name": "MIL_REGION_DETAIL_MZ"}, "rule-action": "include"}, {"rule-type": "selection", "rule-id": "414", "rule-name": "414", "object-locator": {"schema-name": "MILMGR", "table-name": "MIL_REGION_MT"}, "rule-action": "include"}, {"rule-type": "selection", "rule-id": "415", "rule-name": "415", "object-locator": {"schema-name": "MILMGR", "table-name": "MIL_REGION_MZ"}, "rule-action": "include"}, {"rule-type": "selection", "rule-id": "416", "rule-name": "416", "object-locator": {"schema-name": "MILMGR", "table-name": "MIL_RELATIONSHIP_TYPE_MZ"}, "rule-action": "include"}, {"rule-type": "selection", "rule-id": "417", "rule-name": "417", "object-locator": {"schema-name": "MILMGR", "table-name": "MIL_REPO_CHASSIS_RQMT_MZ"}, "rule-action": "include"}, {"rule-type": "selection", "rule-id": "418", "rule-name": "418", "object-locator": {"schema-name": "MILMGR", "table-name": "MIL_REPO_DESTINATION_MT"}, "rule-action": "include"}, {"rule-type": "selection", "rule-id": "419", "rule-name": "419", "object-locator": {"schema-name": "MILMGR", "table-name": "MIL_REPO_INVENTORY_MT"}, "rule-action": "include"}, {"rule-type": "selection", "rule-id": "420", "rule-name": "420", "object-locator": {"schema-name": "MILMGR", "table-name": "MIL_REPO_ORDER_POOL_MT"}, "rule-action": "include"}, {"rule-type": "selection", "rule-id": "421", "rule-name": "421", "object-locator": {"schema-name": "MILMGR", "table-name": "MIL_REQUEST_STATUS_MZ"}, "rule-action": "include"}, {"rule-type": "selection", "rule-id": "422", "rule-name": "422", "object-locator": {"schema-name": "MILMGR", "table-name": "MIL_RESERVATIONS_MT"}, "rule-action": "include"}, {"rule-type": "selection", "rule-id": "423", "rule-name": "423", "object-locator": {"schema-name": "MILMGR", "table-name": "MIL_RMIS_CARRIER_MT"}, "rule-action": "include"}, {"rule-type": "selection", "rule-id": "424", "rule-name": "424", "object-locator": {"schema-name": "MILMGR", "table-name": "MIL_RS_CALL_LOG_MT"}, "rule-action": "include"}, {"rule-type": "selection", "rule-id": "425", "rule-name": "425", "object-locator": {"schema-name": "MILMGR", "table-name": "MIL_RULE_MZ"}, "rule-action": "include"}, {"rule-type": "selection", "rule-id": "426", "rule-name": "426", "object-locator": {"schema-name": "MILMGR", "table-name": "MIL_SAFETY_RATING_MZ"}, "rule-action": "include"}, {"rule-type": "selection", "rule-id": "427", "rule-name": "427", "object-locator": {"schema-name": "MILMGR", "table-name": "MIL_SEASONALITY_MZ"}, "rule-action": "include"}, {"rule-type": "selection", "rule-id": "428", "rule-name": "428", "object-locator": {"schema-name": "MILMGR", "table-name": "MIL_SECURITY_GROUP_SECURITY_MT"}, "rule-action": "include"}, {"rule-type": "selection", "rule-id": "429", "rule-name": "429", "object-locator": {"schema-name": "MILMGR", "table-name": "MIL_SECURITY_GRP_HIERARCHY_MT"}, "rule-action": "include"}, {"rule-type": "selection", "rule-id": "430", "rule-name": "430", "object-locator": {"schema-name": "MILMGR", "table-name": "MIL_SECURITY_USER_GROUP_ML"}, "rule-action": "include"}, {"rule-type": "selection", "rule-id": "431", "rule-name": "431", "object-locator": {"schema-name": "MILMGR", "table-name": "MIL_SEC_AUDIT_LOG_MT"}, "rule-action": "include"}, {"rule-type": "selection", "rule-id": "432", "rule-name": "432", "object-locator": {"schema-name": "MILMGR", "table-name": "MIL_SEC_AUDIT_LOG_TEMPLATE_MZ"}, "rule-action": "include"}, {"rule-type": "selection", "rule-id": "433", "rule-name": "433", "object-locator": {"schema-name": "MILMGR", "table-name": "MIL_SEC_USER_MT"}, "rule-action": "include"}, {"rule-type": "selection", "rule-id": "434", "rule-name": "434", "object-locator": {"schema-name": "MILMGR", "table-name": "MIL_SERVICE_TYPE_MZ"}, "rule-action": "include"}, {"rule-type": "selection", "rule-id": "435", "rule-name": "435", "object-locator": {"schema-name": "MILMGR", "table-name": "MIL_SE_LOCATION_TYPE_MZ"}, "rule-action": "include"}, {"rule-type": "selection", "rule-id": "436", "rule-name": "436", "object-locator": {"schema-name": "MILMGR", "table-name": "MIL_SHIPMENT_EVENT_TYPE_MZ"}, "rule-action": "include"}, {"rule-type": "selection", "rule-id": "437", "rule-name": "437", "object-locator": {"schema-name": "MILMGR", "table-name": "MIL_SHIPMENT_MT"}, "rule-action": "include"}, {"rule-type": "selection", "rule-id": "438", "rule-name": "438", "object-locator": {"schema-name": "MILMGR", "table-name": "MIL_SHIPPING_LOCATION_HOURS_MT"}, "rule-action": "include"}, {"rule-type": "selection", "rule-id": "439", "rule-name": "439", "object-locator": {"schema-name": "MILMGR", "table-name": "MIL_SHIPPING_LOCATION_MT"}, "rule-action": "include"}, {"rule-type": "selection", "rule-id": "440", "rule-name": "440", "object-locator": {"schema-name": "MILMGR", "table-name": "MIL_SHIPPING_LOCN_COMMENT_MT"}, "rule-action": "include"}, {"rule-type": "selection", "rule-id": "441", "rule-name": "441", "object-locator": {"schema-name": "MILMGR", "table-name": "MIL_SHIPPING_LOCN_CONTACT_MT"}, "rule-action": "include"}, {"rule-type": "selection", "rule-id": "442", "rule-name": "442", "object-locator": {"schema-name": "MILMGR", "table-name": "MIL_SHMT_EVNT_TYPE_REASON_ML"}, "rule-action": "include"}, {"rule-type": "selection", "rule-id": "443", "rule-name": "443", "object-locator": {"schema-name": "MILMGR", "table-name": "MIL_SHORT_PYMT_WI_TOLERANCE_MT"}, "rule-action": "include"}, {"rule-type": "selection", "rule-id": "444", "rule-name": "444", "object-locator": {"schema-name": "MILMGR", "table-name": "MIL_SMALLBOX_EXCLUSION_MT"}, "rule-action": "include"}, {"rule-type": "selection", "rule-id": "445", "rule-name": "445", "object-locator": {"schema-name": "MILMGR", "table-name": "MIL_SMALL_BOX_COST_MT"}, "rule-action": "include"}, {"rule-type": "selection", "rule-id": "446", "rule-name": "446", "object-locator": {"schema-name": "MILMGR", "table-name": "MIL_SMALL_BOX_DEST_DTL_MT"}, "rule-action": "include"}, {"rule-type": "selection", "rule-id": "447", "rule-name": "447", "object-locator": {"schema-name": "MILMGR", "table-name": "MIL_SMALL_BOX_DETAIL_MT"}, "rule-action": "include"}, {"rule-type": "selection", "rule-id": "448", "rule-name": "448", "object-locator": {"schema-name": "MILMGR", "table-name": "MIL_SMALL_BOX_MT"}, "rule-action": "include"}, {"rule-type": "selection", "rule-id": "449", "rule-name": "449", "object-locator": {"schema-name": "MILMGR", "table-name": "MIL_SMALL_BOX_ORIG_DTL_MT"}, "rule-action": "include"}, {"rule-type": "selection", "rule-id": "450", "rule-name": "450", "object-locator": {"schema-name": "MILMGR", "table-name": "MIL_SMALL_BUSINESS_STATUS_MZ"}, "rule-action": "include"}, {"rule-type": "selection", "rule-id": "451", "rule-name": "451", "object-locator": {"schema-name": "MILMGR", "table-name": "MIL_SPECIAL_REQT_TYPE_MZ"}, "rule-action": "include"}, {"rule-type": "selection", "rule-id": "452", "rule-name": "452", "object-locator": {"schema-name": "MILMGR", "table-name": "MIL_SPR_JOB_EXECUTION"}, "rule-action": "include"}, {"rule-type": "selection", "rule-id": "453", "rule-name": "453", "object-locator": {"schema-name": "MILMGR", "table-name": "MIL_SPR_JOB_EXECUTION_CONTEXT"}, "rule-action": "include"}, {"rule-type": "selection", "rule-id": "454", "rule-name": "454", "object-locator": {"schema-name": "MILMGR", "table-name": "MIL_SPR_JOB_INSTANCE"}, "rule-action": "include"}, {"rule-type": "selection", "rule-id": "455", "rule-name": "455", "object-locator": {"schema-name": "MILMGR", "table-name": "MIL_SPR_STEP_EXECUTION"}, "rule-action": "include"}, {"rule-type": "selection", "rule-id": "456", "rule-name": "456", "object-locator": {"schema-name": "MILMGR", "table-name": "MIL_SPR_STEP_EXECUTION_CONTEXT"}, "rule-action": "include"}, {"rule-type": "selection", "rule-id": "457", "rule-name": "457", "object-locator": {"schema-name": "MILMGR", "table-name": "MIL_STANDARD_NOTE_MZ"}, "rule-action": "include"}, {"rule-type": "selection", "rule-id": "458", "rule-name": "458", "object-locator": {"schema-name": "MILMGR", "table-name": "MIL_STCC_MZ"}, "rule-action": "include"}, {"rule-type": "selection", "rule-id": "459", "rule-name": "459", "object-locator": {"schema-name": "MILMGR", "table-name": "MIL_STOP_EVENT_MT"}, "rule-action": "include"}, {"rule-type": "selection", "rule-id": "460", "rule-name": "460", "object-locator": {"schema-name": "MILMGR", "table-name": "MIL_STOP_EXTENSION_MT"}, "rule-action": "include"}, {"rule-type": "selection", "rule-id": "461", "rule-name": "461", "object-locator": {"schema-name": "MILMGR", "table-name": "MIL_STOP_MT"}, "rule-action": "include"}, {"rule-type": "selection", "rule-id": "462", "rule-name": "462", "object-locator": {"schema-name": "MILMGR", "table-name": "MIL_STOP_PACKAGE_ML"}, "rule-action": "include"}, {"rule-type": "selection", "rule-id": "463", "rule-name": "463", "object-locator": {"schema-name": "MILMGR", "table-name": "MIL_STOP_REASON_MZ"}, "rule-action": "include"}, {"rule-type": "selection", "rule-id": "464", "rule-name": "464", "object-locator": {"schema-name": "MILMGR", "table-name": "MIL_STOP_TYPE_MZ"}, "rule-action": "include"}, {"rule-type": "selection", "rule-id": "465", "rule-name": "465", "object-locator": {"schema-name": "MILMGR", "table-name": "MIL_STREET_EVENT_MT"}, "rule-action": "include"}, {"rule-type": "selection", "rule-id": "466", "rule-name": "466", "object-locator": {"schema-name": "MILMGR", "table-name": "MIL_STREET_TURN_CONTROL_MT"}, "rule-action": "include"}, {"rule-type": "selection", "rule-id": "467", "rule-name": "467", "object-locator": {"schema-name": "MILMGR", "table-name": "MIL_STREET_TURN_DESTINATION_MT"}, "rule-action": "include"}, {"rule-type": "selection", "rule-id": "468", "rule-name": "468", "object-locator": {"schema-name": "MILMGR", "table-name": "MIL_STREET_TURN_REFERENCE_MZ"}, "rule-action": "include"}, {"rule-type": "selection", "rule-id": "469", "rule-name": "469", "object-locator": {"schema-name": "MILMGR", "table-name": "MIL_STREET_TURN_SMALL_BOX_MT"}, "rule-action": "include"}, {"rule-type": "selection", "rule-id": "470", "rule-name": "470", "object-locator": {"schema-name": "MILMGR", "table-name": "MIL_ST_SMALL_BOX_DEST_MT"}, "rule-action": "include"}, {"rule-type": "selection", "rule-id": "471", "rule-name": "471", "object-locator": {"schema-name": "MILMGR", "table-name": "MIL_SUBSIDIARY_GL_ACCT_ML"}, "rule-action": "include"}, {"rule-type": "selection", "rule-id": "472", "rule-name": "472", "object-locator": {"schema-name": "MILMGR", "table-name": "MIL_SUBSIDIARY_MT"}, "rule-action": "include"}, {"rule-type": "selection", "rule-id": "473", "rule-name": "473", "object-locator": {"schema-name": "MILMGR", "table-name": "MIL_SUPPLEMENTAL_MT"}, "rule-action": "include"}, {"rule-type": "selection", "rule-id": "474", "rule-name": "474", "object-locator": {"schema-name": "MILMGR", "table-name": "MIL_SUPPLEMENTAL_STOP_MT"}, "rule-action": "include"}, {"rule-type": "selection", "rule-id": "475", "rule-name": "475", "object-locator": {"schema-name": "MILMGR", "table-name": "MIL_SURCHARGE_ADJ_MZ"}, "rule-action": "include"}, {"rule-type": "selection", "rule-id": "476", "rule-name": "476", "object-locator": {"schema-name": "MILMGR", "table-name": "MIL_SURCHARGE_CALC_MZ"}, "rule-action": "include"}, {"rule-type": "selection", "rule-id": "477", "rule-name": "477", "object-locator": {"schema-name": "MILMGR", "table-name": "MIL_TASK_EXCEPTION_MT"}, "rule-action": "include"}, {"rule-type": "selection", "rule-id": "478", "rule-name": "478", "object-locator": {"schema-name": "MILMGR", "table-name": "MIL_TASK_HISTORY_ML"}, "rule-action": "include"}, {"rule-type": "selection", "rule-id": "479", "rule-name": "479", "object-locator": {"schema-name": "MILMGR", "table-name": "MIL_TASK_STATUS_MT"}, "rule-action": "include"}, {"rule-type": "selection", "rule-id": "480", "rule-name": "480", "object-locator": {"schema-name": "MILMGR", "table-name": "MIL_TAX_ID_TYPE_MZ"}, "rule-action": "include"}, {"rule-type": "selection", "rule-id": "481", "rule-name": "481", "object-locator": {"schema-name": "MILMGR", "table-name": "MIL_TIA_SURVEY_DETAIL_MT"}, "rule-action": "include"}, {"rule-type": "selection", "rule-id": "482", "rule-name": "482", "object-locator": {"schema-name": "MILMGR", "table-name": "MIL_TRACKING_CONTROL_ML"}, "rule-action": "include"}, {"rule-type": "selection", "rule-id": "483", "rule-name": "483", "object-locator": {"schema-name": "MILMGR", "table-name": "MIL_TRACKING_EVENT_STATUS_MZ"}, "rule-action": "include"}, {"rule-type": "selection", "rule-id": "484", "rule-name": "484", "object-locator": {"schema-name": "MILMGR", "table-name": "MIL_TT_CARRIER_RESPONSE_MT"}, "rule-action": "include"}, {"rule-type": "selection", "rule-id": "485", "rule-name": "485", "object-locator": {"schema-name": "MILMGR", "table-name": "MIL_UNAPPLIED_CHECK_ML"}, "rule-action": "include"}, {"rule-type": "selection", "rule-id": "486", "rule-name": "486", "object-locator": {"schema-name": "MILMGR", "table-name": "MIL_UNAPPLIED_HEADER_MT"}, "rule-action": "include"}, {"rule-type": "selection", "rule-id": "487", "rule-name": "487", "object-locator": {"schema-name": "MILMGR", "table-name": "MIL_UNDERWRITER_RATING_MZ"}, "rule-action": "include"}, {"rule-type": "selection", "rule-id": "488", "rule-name": "488", "object-locator": {"schema-name": "MILMGR", "table-name": "MIL_UNIT_DETAILS_ML"}, "rule-action": "include"}, {"rule-type": "selection", "rule-id": "489", "rule-name": "489", "object-locator": {"schema-name": "MILMGR", "table-name": "MIL_UNIT_RADAR_TRACKING_ML"}, "rule-action": "include"}, {"rule-type": "selection", "rule-id": "490", "rule-name": "490", "object-locator": {"schema-name": "MILMGR", "table-name": "MIL_USER_COLLECTOR_QUEUE_ML"}, "rule-action": "include"}, {"rule-type": "selection", "rule-id": "491", "rule-name": "491", "object-locator": {"schema-name": "MILMGR", "table-name": "MIL_USER_EVENT_MT"}, "rule-action": "include"}, {"rule-type": "selection", "rule-id": "492", "rule-name": "492", "object-locator": {"schema-name": "MILMGR", "table-name": "MIL_USER_LOB_ML"}, "rule-action": "include"}, {"rule-type": "selection", "rule-id": "493", "rule-name": "493", "object-locator": {"schema-name": "MILMGR", "table-name": "MIL_USER_MT"}, "rule-action": "include"}, {"rule-type": "selection", "rule-id": "494", "rule-name": "494", "object-locator": {"schema-name": "MILMGR", "table-name": "MIL_USER_OFFICE_ML"}, "rule-action": "include"}, {"rule-type": "selection", "rule-id": "495", "rule-name": "495", "object-locator": {"schema-name": "MILMGR", "table-name": "MIL_USER_PROFILE_ADDRESS_MT"}, "rule-action": "include"}, {"rule-type": "selection", "rule-id": "496", "rule-name": "496", "object-locator": {"schema-name": "MILMGR", "table-name": "MIL_USER_PROFILE_MT"}, "rule-action": "include"}, {"rule-type": "selection", "rule-id": "497", "rule-name": "497", "object-locator": {"schema-name": "MILMGR", "table-name": "MIL_USER_PROFILE_PHONE_MT"}, "rule-action": "include"}, {"rule-type": "selection", "rule-id": "498", "rule-name": "498", "object-locator": {"schema-name": "MILMGR", "table-name": "MIL_VALIDATOR_MZ"}, "rule-action": "include"}, {"rule-type": "selection", "rule-id": "499", "rule-name": "499", "object-locator": {"schema-name": "MILMGR", "table-name": "MIL_VENDOR_BANK_DETAILS_MT"}, "rule-action": "include"}, {"rule-type": "selection", "rule-id": "500", "rule-name": "500", "object-locator": {"schema-name": "MILMGR", "table-name": "MIL_VENDOR_COMMENT_MT"}, "rule-action": "include"}, {"rule-type": "selection", "rule-id": "501", "rule-name": "501", "object-locator": {"schema-name": "MILMGR", "table-name": "MIL_VENDOR_COMPANY_TYPE_MZ"}, "rule-action": "include"}, {"rule-type": "selection", "rule-id": "502", "rule-name": "502", "object-locator": {"schema-name": "MILMGR", "table-name": "MIL_VENDOR_CONTACT_MT"}, "rule-action": "include"}, {"rule-type": "selection", "rule-id": "503", "rule-name": "503", "object-locator": {"schema-name": "MILMGR", "table-name": "MIL_VENDOR_DOC_SEND_REASON_MZ"}, "rule-action": "include"}, {"rule-type": "selection", "rule-id": "504", "rule-name": "504", "object-locator": {"schema-name": "MILMGR", "table-name": "MIL_VENDOR_EQUIPMENT_TYPE_ML"}, "rule-action": "include"}, {"rule-type": "selection", "rule-id": "505", "rule-name": "505", "object-locator": {"schema-name": "MILMGR", "table-name": "MIL_VENDOR_INSURANCE_CTL_MT"}, "rule-action": "include"}, {"rule-type": "selection", "rule-id": "506", "rule-name": "506", "object-locator": {"schema-name": "MILMGR", "table-name": "MIL_VENDOR_INSURANCE_ML"}, "rule-action": "include"}, {"rule-type": "selection", "rule-id": "507", "rule-name": "507", "object-locator": {"schema-name": "MILMGR", "table-name": "MIL_VENDOR_INSURANCE_TYPE_MZ"}, "rule-action": "include"}, {"rule-type": "selection", "rule-id": "508", "rule-name": "508", "object-locator": {"schema-name": "MILMGR", "table-name": "MIL_VENDOR_INVOICE_MT"}, "rule-action": "include"}, {"rule-type": "selection", "rule-id": "509", "rule-name": "509", "object-locator": {"schema-name": "MILMGR", "table-name": "MIL_VENDOR_INVOICE_PAYMENT_MT"}, "rule-action": "include"}, {"rule-type": "selection", "rule-id": "510", "rule-name": "510", "object-locator": {"schema-name": "MILMGR", "table-name": "MIL_VENDOR_INVOICE_VOUCHER_ML"}, "rule-action": "include"}, {"rule-type": "selection", "rule-id": "511", "rule-name": "511", "object-locator": {"schema-name": "MILMGR", "table-name": "MIL_VENDOR_LOCATION_MT"}, "rule-action": "include"}, {"rule-type": "selection", "rule-id": "512", "rule-name": "512", "object-locator": {"schema-name": "MILMGR", "table-name": "MIL_VENDOR_LOCN_ORIG_DEST_MT"}, "rule-action": "include"}, {"rule-type": "selection", "rule-id": "513", "rule-name": "513", "object-locator": {"schema-name": "MILMGR", "table-name": "MIL_VENDOR_LOCN_POD_MT"}, "rule-action": "include"}, {"rule-type": "selection", "rule-id": "514", "rule-name": "514", "object-locator": {"schema-name": "MILMGR", "table-name": "MIL_VENDOR_MISC_PAYMENT_MT"}, "rule-action": "include"}, {"rule-type": "selection", "rule-id": "515", "rule-name": "515", "object-locator": {"schema-name": "MILMGR", "table-name": "MIL_VENDOR_MT"}, "rule-action": "include"}, {"rule-type": "selection", "rule-id": "516", "rule-name": "516", "object-locator": {"schema-name": "MILMGR", "table-name": "MIL_VENDOR_PAYMENT_COMMENT_MT"}, "rule-action": "include"}, {"rule-type": "selection", "rule-id": "517", "rule-name": "517", "object-locator": {"schema-name": "MILMGR", "table-name": "MIL_VENDOR_PAYMENT_METHOD_MZ"}, "rule-action": "include"}, {"rule-type": "selection", "rule-id": "518", "rule-name": "518", "object-locator": {"schema-name": "MILMGR", "table-name": "MIL_VENDOR_PAYMENT_TERM_MT"}, "rule-action": "include"}, {"rule-type": "selection", "rule-id": "519", "rule-name": "519", "object-locator": {"schema-name": "MILMGR", "table-name": "MIL_VENDOR_PERF_MZ"}, "rule-action": "include"}, {"rule-type": "selection", "rule-id": "520", "rule-name": "520", "object-locator": {"schema-name": "MILMGR", "table-name": "MIL_VENDOR_PYMT_CHECK_MT"}, "rule-action": "include"}, {"rule-type": "selection", "rule-id": "521", "rule-name": "521", "object-locator": {"schema-name": "MILMGR", "table-name": "MIL_VENDOR_PYMT_EXCEPTION_MZ"}, "rule-action": "include"}, {"rule-type": "selection", "rule-id": "522", "rule-name": "522", "object-locator": {"schema-name": "MILMGR", "table-name": "MIL_VENDOR_RAIL_MILE_MZ"}, "rule-action": "include"}, {"rule-type": "selection", "rule-id": "523", "rule-name": "523", "object-locator": {"schema-name": "MILMGR", "table-name": "MIL_VENDOR_REGION_MZ"}, "rule-action": "include"}, {"rule-type": "selection", "rule-id": "524", "rule-name": "524", "object-locator": {"schema-name": "MILMGR", "table-name": "MIL_VENDOR_REQUEST_MT"}, "rule-action": "include"}, {"rule-type": "selection", "rule-id": "525", "rule-name": "525", "object-locator": {"schema-name": "MILMGR", "table-name": "MIL_VENDOR_STATUS_MZ"}, "rule-action": "include"}, {"rule-type": "selection", "rule-id": "526", "rule-name": "526", "object-locator": {"schema-name": "MILMGR", "table-name": "MIL_VENDOR_THREE_DIGIT_ZIP_MZ"}, "rule-action": "include"}, {"rule-type": "selection", "rule-id": "527", "rule-name": "527", "object-locator": {"schema-name": "MILMGR", "table-name": "MIL_VENDOR_TYPE_ML"}, "rule-action": "include"}, {"rule-type": "selection", "rule-id": "528", "rule-name": "528", "object-locator": {"schema-name": "MILMGR", "table-name": "MIL_VENDOR_TYPE_MZ"}, "rule-action": "include"}, {"rule-type": "selection", "rule-id": "529", "rule-name": "529", "object-locator": {"schema-name": "MILMGR", "table-name": "MIL_VENDOR_TYPE_REQUEST_ML"}, "rule-action": "include"}, {"rule-type": "selection", "rule-id": "530", "rule-name": "530", "object-locator": {"schema-name": "MILMGR", "table-name": "MIL_VENDOR_VOUCHER_ADJ_MT"}, "rule-action": "include"}, {"rule-type": "selection", "rule-id": "531", "rule-name": "531", "object-locator": {"schema-name": "MILMGR", "table-name": "MIL_VENDOR_WIRE_MZ"}, "rule-action": "include"}, {"rule-type": "selection", "rule-id": "532", "rule-name": "532", "object-locator": {"schema-name": "MILMGR", "table-name": "MIL_VENDOR_ZIPCODE_BAND_MZ"}, "rule-action": "include"}, {"rule-type": "selection", "rule-id": "533", "rule-name": "533", "object-locator": {"schema-name": "MILMGR", "table-name": "MIL_VNDR_DRAY_FL_EXCPT_MT"}, "rule-action": "include"}, {"rule-type": "selection", "rule-id": "534", "rule-name": "534", "object-locator": {"schema-name": "MILMGR", "table-name": "MIL_VNDR_DRAY_FL_SRCH_MT"}, "rule-action": "include"}, {"rule-type": "selection", "rule-id": "535", "rule-name": "535", "object-locator": {"schema-name": "MILMGR", "table-name": "MIL_VNDR_RAIL_FL_EXCPT_MT"}, "rule-action": "include"}, {"rule-type": "selection", "rule-id": "536", "rule-name": "536", "object-locator": {"schema-name": "MILMGR", "table-name": "MIL_VNDR_RAIL_FL_SRCH_MT"}, "rule-action": "include"}, {"rule-type": "selection", "rule-id": "537", "rule-name": "537", "object-locator": {"schema-name": "MILMGR", "table-name": "MIL_VOUCHER_HDR_MT"}, "rule-action": "include"}, {"rule-type": "selection", "rule-id": "538", "rule-name": "538", "object-locator": {"schema-name": "MILMGR", "table-name": "MIL_VOUCHER_STATUS_CODE_MZ"}, "rule-action": "include"}, {"rule-type": "selection", "rule-id": "539", "rule-name": "539", "object-locator": {"schema-name": "MILMGR", "table-name": "MIL_VPD_REASON_CODE_MZ"}, "rule-action": "include"}, {"rule-type": "selection", "rule-id": "540", "rule-name": "540", "object-locator": {"schema-name": "MILMGR", "table-name": "MIL_WAITLIST_MT"}, "rule-action": "include"}, {"rule-type": "selection", "rule-id": "541", "rule-name": "541", "object-locator": {"schema-name": "MILMGR", "table-name": "ML_CVP_FEEDBACK_FORM"}, "rule-action": "include"}, {"rule-type": "selection", "rule-id": "542", "rule-name": "542", "object-locator": {"schema-name": "MILMGR", "table-name": "ML_CVP_FEEDBACK_FORM_MT"}, "rule-action": "include"}, {"rule-type": "selection", "rule-id": "543", "rule-name": "543", "object-locator": {"schema-name": "MILMGR", "table-name": "SOX_APPLICATION_MODULE_MT"}, "rule-action": "include"}, {"rule-type": "selection", "rule-id": "544", "rule-name": "544", "object-locator": {"schema-name": "MILMGR", "table-name": "SOX_APPLICATN_MODULE_ACCESS_ML"}, "rule-action": "include"}, {"rule-type": "selection", "rule-id": "545", "rule-name": "545", "object-locator": {"schema-name": "MILMGR", "table-name": "SOX_BATCH_STATUS_MT"}, "rule-action": "include"}, {"rule-type": "selection", "rule-id": "546", "rule-name": "546", "object-locator": {"schema-name": "MILMGR", "table-name": "SOX_FUNCTIONAL_ACCESS_MT"}, "rule-action": "include"}, {"rule-type": "selection", "rule-id": "547", "rule-name": "547", "object-locator": {"schema-name": "MILMGR", "table-name": "SOX_GROUPS_USERS_ML"}, "rule-action": "include"}, {"rule-type": "selection", "rule-id": "548", "rule-name": "548", "object-locator": {"schema-name": "MILMGR", "table-name": "SOX_GROUP_MT"}, "rule-action": "include"}, {"rule-type": "selection", "rule-id": "549", "rule-name": "549", "object-locator": {"schema-name": "MILMGR", "table-name": "SOX_GRPS_FACCESSES_ML"}, "rule-action": "include"}, {"rule-type": "selection", "rule-id": "550", "rule-name": "550", "object-locator": {"schema-name": "MILMGR", "table-name": "SOX_USER_MT"}, "rule-action": "include"}, {"rule-type": "selection", "rule-id": "551", "rule-name": "551", "object-locator": {"schema-name": "ULOG", "table-name": "TLOG"}, "rule-action": "include"}, {"rule-type": "selection", "rule-id": "552", "rule-name": "552", "object-locator": {"schema-name": "ULOG", "table-name": "TLOGLEVEL"}, "rule-action": "include"}]}