{"rules": [{"rule-type": "selection", "rule-id": "1", "rule-name": "1", "object-locator": {"schema-name": "AQADM", "table-name": "AQ$_GEMS_TO_ACETS_SYNC_RT_TB_T"}, "rule-action": "include"}, {"rule-type": "selection", "rule-id": "2", "rule-name": "2", "object-locator": {"schema-name": "AQADM", "table-name": "GEMS_TO_ACETS_SYNC_EL_TB"}, "rule-action": "include"}, {"rule-type": "selection", "rule-id": "3", "rule-name": "3", "object-locator": {"schema-name": "AQADM", "table-name": "GEMS_TO_ACETS_SYNC_HR_TB"}, "rule-action": "include"}, {"rule-type": "selection", "rule-id": "4", "rule-name": "4", "object-locator": {"schema-name": "AQADM", "table-name": "GEMS_TO_ACETS_SYNC_RT_TB"}, "rule-action": "include"}]}