{"rules": [{"rule-type": "selection", "rule-id": "8", "rule-name": "8", "object-locator": {"schema-name": "AQADM", "table-name": "AQ$_GEMS_TO_ACETS_SYNC_RT_TB_T"}, "rule-action": "include"}, {"rule-type": "selection", "rule-id": "9", "rule-name": "9", "object-locator": {"schema-name": "AQADM", "table-name": "GEMS_TO_ACETS_SYNC_EL_TB"}, "rule-action": "include"}, {"rule-type": "selection", "rule-id": "10", "rule-name": "10", "object-locator": {"schema-name": "AQADM", "table-name": "GEMS_TO_ACETS_SYNC_HR_TB"}, "rule-action": "include"}, {"rule-type": "selection", "rule-id": "11", "rule-name": "11", "object-locator": {"schema-name": "AQADM", "table-name": "GEMS_TO_ACETS_SYNC_RT_TB"}, "rule-action": "include"}]}