{"rules": [{"rule-type": "selection", "rule-id": "12", "rule-name": "12", "object-locator": {"schema-name": "GEMMGR", "table-name": "CAS_QRTZ_BLOB_TRIGGERS"}, "rule-action": "include"}, {"rule-type": "selection", "rule-id": "13", "rule-name": "13", "object-locator": {"schema-name": "GEMMGR", "table-name": "CAS_QRTZ_CALENDARS"}, "rule-action": "include"}, {"rule-type": "selection", "rule-id": "14", "rule-name": "14", "object-locator": {"schema-name": "GEMMGR", "table-name": "CAS_QRTZ_JOB_DETAILS"}, "rule-action": "include"}, {"rule-type": "selection", "rule-id": "15", "rule-name": "15", "object-locator": {"schema-name": "GEMMGR", "table-name": "CAS_QRTZ_TRIGGERS"}, "rule-action": "include"}]}