{
    "TargetMetadata": {
        "TargetSchema": "MNSMGR",
        "SupportLobs": true,
        "FullLobMode": false,
        "LobChunkSize": 0,
        "LimitedSizeLobMode": true,
        "LobMaxSize": 102400,
        "TableMappings": [],
        "PreparationMode": "DO_NOTHING"
    },
    "FullLoadSettings": {
        "TargetTablePrepMode": "DO_NOTHING",
        "CreatePkAfterFullLoad": false,
        "StopTaskCachedChangesApplied": false,
        "StopTaskCachedChangesNotApplied": false,
        "MaxFullLoadSubTasks": 8,
        "TransactionConsistencyTimeout": 600,
        "CommitRate": 10000,
        "CdcStartTime": "YYYY-MM-DDTHH:MM:SSZ"
    },
    "Logging": {
        "EnableLogging": true,
        "LogComponents": [
            {
                "Id": "SOURCE_UNLOAD",
                "Severity": "LOGGER_SEVERITY_DEFAULT"
            },
            {
                "Id": "TARGET_LOAD",
                "Severity": "LOGGER_SEVERITY_DEFAULT"
            },
            {
                "Id": "TASK_MANAGER",
                "Severity": "LOGGER_SEVERITY_DEFAULT"
            },
            {
                "Id": "SOURCE_CAPTURE",
                "Severity": "LOGGER_SEVERITY_DEFAULT"
            },
            {
                "Id": "TARGET_APPLY",
                "Severity": "LOGGER_SEVERITY_DEFAULT"
            }
        ]
    },
    "ValidationSettings": {
        "EnableValidation": true,          
        "ValidationMode": "ROW_LEVEL",
        "ThreadCount": 5,
        "FailureMaxCount": 10000,
        "TableFailureMaxCount": 1000,
        "HandleCollationDiff": false,
        "ValidationOnly": true,
        "RecordFailureDelayLimitInMinutes": 0,
        "SkipLobColumns": false,
        "ValidationPartialLobSize": 0,
        "ValidationQueryCdcDelaySeconds": 0,
        "PartitionSize": 10000
    },
    "ControlTablesSettings": {
        "HistoryTimeslotInMinutes": 5,
        "ControlSchema": "",
        "HistoryTableEnabled": true,
        "SuspendedTablesTableEnabled": true,
        "StatusTableEnabled": true
    },
    "TaskSettings": {
        "EnablePreMigrationAssessment": false
    }
}
