{"rules": [{"rule-type": "selection", "rule-id": "701", "rule-name": "701", "object-locator": {"schema-name": "VINDMGR", "table-name": "MT_VEHICLE_DIMENSION"}, "rule-action": "include"}, {"rule-type": "selection", "rule-id": "702", "rule-name": "702", "object-locator": {"schema-name": "VINDMGR", "table-name": "VIND_APPLICATION_PARAM_MZ"}, "rule-action": "include"}, {"rule-type": "selection", "rule-id": "703", "rule-name": "703", "object-locator": {"schema-name": "VINDMGR", "table-name": "MZ_EMAIL_PARAMS"}, "rule-action": "include"}, {"rule-type": "selection", "rule-id": "704", "rule-name": "704", "object-locator": {"schema-name": "VINDMGR", "table-name": "VIND_CUSTOM_VEHICLE_MT"}, "rule-action": "include"}, {"rule-type": "selection", "rule-id": "705", "rule-name": "705", "object-locator": {"schema-name": "VINDMGR", "table-name": "VIND_ERROR_MESSAGE_MT"}, "rule-action": "include"}]}