{"rules": [{"rule-type": "selection", "rule-id": "246", "rule-name": "246", "object-locator": {"schema-name": "MNSMGR", "table-name": "CAS_SPR_STEP_EXECUTION"}, "rule-action": "include"}, {"rule-type": "selection", "rule-id": "247", "rule-name": "247", "object-locator": {"schema-name": "MNSMGR", "table-name": "CAS_SPR_JOB_EXECUTION"}, "rule-action": "include"}, {"rule-type": "selection", "rule-id": "248", "rule-name": "248", "object-locator": {"schema-name": "MNSMGR", "table-name": "CAS_SPR_JOB_INSTANCE"}, "rule-action": "include"}, {"rule-type": "selection", "rule-id": "249", "rule-name": "249", "object-locator": {"schema-name": "MNSMGR", "table-name": "MNS_EVENT_REF_DATA_MZ"}, "rule-action": "include"}, {"rule-type": "selection", "rule-id": "250", "rule-name": "250", "object-locator": {"schema-name": "MNSMGR", "table-name": "MNS_EVENT_MZ"}, "rule-action": "include"}, {"rule-type": "selection", "rule-id": "251", "rule-name": "251", "object-locator": {"schema-name": "MNSMGR", "table-name": "MNS_EVENT_TIME_DIFF_MT"}, "rule-action": "include"}, {"rule-type": "selection", "rule-id": "252", "rule-name": "252", "object-locator": {"schema-name": "MNSMGR", "table-name": "MNS_EQPT_EMPTY_FULL_TYPE_MZ"}, "rule-action": "include"}, {"rule-type": "selection", "rule-id": "253", "rule-name": "253", "object-locator": {"schema-name": "MNSMGR", "table-name": "MNS_EQPT_SERVICE_MZ"}, "rule-action": "include"}, {"rule-type": "selection", "rule-id": "254", "rule-name": "254", "object-locator": {"schema-name": "MNSMGR", "table-name": "MNS_EQPT_SP_SERVICE_MZ"}, "rule-action": "include"}, {"rule-type": "selection", "rule-id": "255", "rule-name": "255", "object-locator": {"schema-name": "MNSMGR", "table-name": "MNS_EQPT_SIZE_MZ"}, "rule-action": "include"}, {"rule-type": "selection", "rule-id": "256", "rule-name": "256", "object-locator": {"schema-name": "MNSMGR", "table-name": "MNS_EQPT_HEIGHT_MZ"}, "rule-action": "include"}, {"rule-type": "selection", "rule-id": "257", "rule-name": "257", "object-locator": {"schema-name": "MNSMGR", "table-name": "MNS_EQPT_OWNER_MZ"}, "rule-action": "include"}, {"rule-type": "selection", "rule-id": "258", "rule-name": "258", "object-locator": {"schema-name": "MNSMGR", "table-name": "MNS_EQPT_TYPE_MZ"}, "rule-action": "include"}, {"rule-type": "selection", "rule-id": "259", "rule-name": "259", "object-locator": {"schema-name": "MNSMGR", "table-name": "MNS_EQPT_HOLD_MZ"}, "rule-action": "include"}, {"rule-type": "selection", "rule-id": "260", "rule-name": "260", "object-locator": {"schema-name": "MNSMGR", "table-name": "MNS_STOW_EVENT_MT"}, "rule-action": "include"}, {"rule-type": "selection", "rule-id": "261", "rule-name": "261", "object-locator": {"schema-name": "MNSMGR", "table-name": "MNS_OCEAN_EVT_PUBLISH_EVT_ML"}, "rule-action": "include"}, {"rule-type": "selection", "rule-id": "262", "rule-name": "262", "object-locator": {"schema-name": "MNSMGR", "table-name": "MNS_OCEAN_EVENT_MT"}, "rule-action": "include"}, {"rule-type": "selection", "rule-id": "263", "rule-name": "263", "object-locator": {"schema-name": "MNSMGR", "table-name": "MNS_OCEAN_LAST_EVENT_MT"}, "rule-action": "include"}, {"rule-type": "selection", "rule-id": "264", "rule-name": "264", "object-locator": {"schema-name": "MNSMGR", "table-name": "MNS_OCEAN_SUBSCRIPT_PGYBK_MT"}, "rule-action": "include"}, {"rule-type": "selection", "rule-id": "265", "rule-name": "265", "object-locator": {"schema-name": "MNSMGR", "table-name": "MNS_OCEAN_EVENT_BOL_MT"}, "rule-action": "include"}, {"rule-type": "selection", "rule-id": "266", "rule-name": "266", "object-locator": {"schema-name": "MNSMGR", "table-name": "MNS_OCEAN_SVC_REF_DATA_MZ"}, "rule-action": "include"}, {"rule-type": "selection", "rule-id": "267", "rule-name": "267", "object-locator": {"schema-name": "MNSMGR", "table-name": "MNS_OCEAN_EVENT_PARTY_MT"}, "rule-action": "include"}, {"rule-type": "selection", "rule-id": "268", "rule-name": "268", "object-locator": {"schema-name": "MNSMGR", "table-name": "MNS_OCEAN_COMMODITY_MT"}, "rule-action": "include"}, {"rule-type": "selection", "rule-id": "269", "rule-name": "269", "object-locator": {"schema-name": "MNSMGR", "table-name": "MNS_OCEAN_SUBSCRIPT_CONFIG_MT"}, "rule-action": "include"}, {"rule-type": "selection", "rule-id": "270", "rule-name": "270", "object-locator": {"schema-name": "MNSMGR", "table-name": "MNS_COLUMN_DEFINITION_MZ"}, "rule-action": "include"}, {"rule-type": "selection", "rule-id": "271", "rule-name": "271", "object-locator": {"schema-name": "MNSMGR", "table-name": "MNS_PLANNED_DISPOSITION_TYP_MZ"}, "rule-action": "include"}, {"rule-type": "selection", "rule-id": "272", "rule-name": "272", "object-locator": {"schema-name": "MNSMGR", "table-name": "MNS_FILTER_OPERATOR_MZ"}, "rule-action": "include"}, {"rule-type": "selection", "rule-id": "273", "rule-name": "273", "object-locator": {"schema-name": "MNSMGR", "table-name": "MNS_TRADE_PORT_MZ"}, "rule-action": "include"}, {"rule-type": "selection", "rule-id": "274", "rule-name": "274", "object-locator": {"schema-name": "MNSMGR", "table-name": "MNS_CUSTOMER_GROUP_REF_DATA_MZ"}, "rule-action": "include"}, {"rule-type": "selection", "rule-id": "275", "rule-name": "275", "object-locator": {"schema-name": "MNSMGR", "table-name": "ML_SUBSCRIBER_CP_CUSTOMER"}, "rule-action": "include"}, {"rule-type": "selection", "rule-id": "276", "rule-name": "276", "object-locator": {"schema-name": "MNSMGR", "table-name": "CAS_QRTZ_FIRED_TRIGGERS"}, "rule-action": "include"}, {"rule-type": "selection", "rule-id": "277", "rule-name": "277", "object-locator": {"schema-name": "MNSMGR", "table-name": "CAS_QRTZ_JOB_LISTENERS"}, "rule-action": "include"}, {"rule-type": "selection", "rule-id": "278", "rule-name": "278", "object-locator": {"schema-name": "MNSMGR", "table-name": "CAS_QRTZ_PAUSED_TRIGGER_GRPS"}, "rule-action": "include"}, {"rule-type": "selection", "rule-id": "279", "rule-name": "279", "object-locator": {"schema-name": "MNSMGR", "table-name": "CAS_QRTZ_SIMPLE_TRIGGERS"}, "rule-action": "include"}, {"rule-type": "selection", "rule-id": "280", "rule-name": "280", "object-locator": {"schema-name": "MNSMGR", "table-name": "CAS_QRTZ_LOCKS"}, "rule-action": "include"}, {"rule-type": "selection", "rule-id": "281", "rule-name": "281", "object-locator": {"schema-name": "MNSMGR", "table-name": "CAS_QRTZ_SCHEDULER_STATE"}, "rule-action": "include"}, {"rule-type": "selection", "rule-id": "282", "rule-name": "282", "object-locator": {"schema-name": "MNSMGR", "table-name": "CAS_QRTZ_TRIGGER_LISTENERS"}, "rule-action": "include"}, {"rule-type": "selection", "rule-id": "283", "rule-name": "283", "object-locator": {"schema-name": "MNSMGR", "table-name": "CAS_QRTZ_CRON_TRIGGERS"}, "rule-action": "include"}, {"rule-type": "selection", "rule-id": "284", "rule-name": "284", "object-locator": {"schema-name": "MNSMGR", "table-name": "MNS_NOTIF_LABEL_CONFIG_MT"}, "rule-action": "include"}, {"rule-type": "selection", "rule-id": "285", "rule-name": "285", "object-locator": {"schema-name": "MNSMGR", "table-name": "MNS_TOS_EVENT_MT"}, "rule-action": "include"}, {"rule-type": "selection", "rule-id": "286", "rule-name": "286", "object-locator": {"schema-name": "MNSMGR", "table-name": "MNS_SUBSCRIPT_SCHEDULE_MT"}, "rule-action": "include"}, {"rule-type": "selection", "rule-id": "287", "rule-name": "287", "object-locator": {"schema-name": "MNSMGR", "table-name": "MNS_SUBSCRIPT_FILTER_MT"}, "rule-action": "include"}, {"rule-type": "selection", "rule-id": "288", "rule-name": "288", "object-locator": {"schema-name": "MNSMGR", "table-name": "MNS_SUB_SCHED_DEPENDENT_MT"}, "rule-action": "include"}, {"rule-type": "selection", "rule-id": "289", "rule-name": "289", "object-locator": {"schema-name": "MNSMGR", "table-name": "MNS_SUBSCRIPT_PROPERTY_MT"}, "rule-action": "include"}, {"rule-type": "selection", "rule-id": "290", "rule-name": "290", "object-locator": {"schema-name": "MNSMGR", "table-name": "MT_OCEAN_NOTIFICATION"}, "rule-action": "include"}, {"rule-type": "selection", "rule-id": "291", "rule-name": "291", "object-locator": {"schema-name": "MNSMGR", "table-name": "MT_OCEAN_SUBSCRIPTION_CONFIG"}, "rule-action": "include"}, {"rule-type": "selection", "rule-id": "292", "rule-name": "292", "object-locator": {"schema-name": "MNSMGR", "table-name": "MT_OCEAN_EXCP_NOTIFICATION"}, "rule-action": "include"}, {"rule-type": "selection", "rule-id": "293", "rule-name": "293", "object-locator": {"schema-name": "MNSMGR", "table-name": "MNS_SAILING_PUBLISH_EVENT_MT"}, "rule-action": "include"}, {"rule-type": "selection", "rule-id": "294", "rule-name": "294", "object-locator": {"schema-name": "MNSMGR", "table-name": "MNS_NEW_VESS_PUBLISH_EVENT_MT"}, "rule-action": "include"}, {"rule-type": "selection", "rule-id": "295", "rule-name": "295", "object-locator": {"schema-name": "MNSMGR", "table-name": "MT_SUBSCRIPTION"}, "rule-action": "include"}, {"rule-type": "selection", "rule-id": "296", "rule-name": "296", "object-locator": {"schema-name": "MNSMGR", "table-name": "MT_SUBSCRIBER"}, "rule-action": "include"}, {"rule-type": "selection", "rule-id": "297", "rule-name": "297", "object-locator": {"schema-name": "MNSMGR", "table-name": "MT_NOTIFICATION"}, "rule-action": "include"}, {"rule-type": "selection", "rule-id": "298", "rule-name": "298", "object-locator": {"schema-name": "MNSMGR", "table-name": "MT_NOTIFICATION_EXECUTION"}, "rule-action": "include"}, {"rule-type": "selection", "rule-id": "299", "rule-name": "299", "object-locator": {"schema-name": "MNSMGR", "table-name": "MT_NOTIFICATION_COMMENT"}, "rule-action": "include"}, {"rule-type": "selection", "rule-id": "300", "rule-name": "300", "object-locator": {"schema-name": "MNSMGR", "table-name": "MT_NOTIFICATION_COMMENT_DETAIL"}, "rule-action": "include"}, {"rule-type": "selection", "rule-id": "301", "rule-name": "301", "object-locator": {"schema-name": "MNSMGR", "table-name": "MT_NOTIFICATION_HEADER"}, "rule-action": "include"}, {"rule-type": "selection", "rule-id": "302", "rule-name": "302", "object-locator": {"schema-name": "MNSMGR", "table-name": "ML_NOTIFICATION_DEPENDENT"}, "rule-action": "include"}, {"rule-type": "selection", "rule-id": "303", "rule-name": "303", "object-locator": {"schema-name": "MNSMGR", "table-name": "MNS_MINOR_EVENT_MZ"}, "rule-action": "include"}, {"rule-type": "selection", "rule-id": "304", "rule-name": "304", "object-locator": {"schema-name": "MNSMGR", "table-name": "MNS_GATE_HOURS_MZ"}, "rule-action": "include"}, {"rule-type": "selection", "rule-id": "305", "rule-name": "305", "object-locator": {"schema-name": "MNSMGR", "table-name": "MNS_PORT_REF_DATA_MZ"}, "rule-action": "include"}, {"rule-type": "selection", "rule-id": "306", "rule-name": "306", "object-locator": {"schema-name": "MNSMGR", "table-name": "ML_OCEAN_NOTIF_ORIG_PORTS"}, "rule-action": "include"}, {"rule-type": "selection", "rule-id": "307", "rule-name": "307", "object-locator": {"schema-name": "MNSMGR", "table-name": "ML_OCEAN_NOTIF_DEST_PORTS"}, "rule-action": "include"}, {"rule-type": "selection", "rule-id": "308", "rule-name": "308", "object-locator": {"schema-name": "MNSMGR", "table-name": "ML_OCEAN_NOTIF_SERVICES"}, "rule-action": "include"}]}