{"rules": [{"rule-type": "selection", "rule-id": "201", "rule-name": "201", "object-locator": {"schema-name": "EIRMGR", "table-name": "EIR_USER_PORT_ML"}, "rule-action": "include"}, {"rule-type": "selection", "rule-id": "202", "rule-name": "202", "object-locator": {"schema-name": "EIRMGR", "table-name": "EIR_USER_MT"}, "rule-action": "include"}, {"rule-type": "selection", "rule-id": "203", "rule-name": "203", "object-locator": {"schema-name": "EIRMGR", "table-name": "EIR_PORT_MZ"}, "rule-action": "include"}, {"rule-type": "selection", "rule-id": "204", "rule-name": "204", "object-locator": {"schema-name": "EIRMGR", "table-name": "EIR_BOOKING_MT"}, "rule-action": "include"}, {"rule-type": "selection", "rule-id": "205", "rule-name": "205", "object-locator": {"schema-name": "EIRMGR", "table-name": "EIR_VESSEL_MZ"}, "rule-action": "include"}, {"rule-type": "selection", "rule-id": "206", "rule-name": "206", "object-locator": {"schema-name": "EIRMGR", "table-name": "EIR_EQUIPMENT_REQUEST_MT"}, "rule-action": "include"}, {"rule-type": "selection", "rule-id": "207", "rule-name": "207", "object-locator": {"schema-name": "EIRMGR", "table-name": "EIR_EQUIPMENT_ISSUED_MT"}, "rule-action": "include"}, {"rule-type": "selection", "rule-id": "208", "rule-name": "208", "object-locator": {"schema-name": "EIRMGR", "table-name": "EIR_EQUIPMENT_PURPOSE_MZ"}, "rule-action": "include"}, {"rule-type": "selection", "rule-id": "209", "rule-name": "209", "object-locator": {"schema-name": "EIRMGR", "table-name": "EIR_EQUIPMENT_OWNER_MZ"}, "rule-action": "include"}, {"rule-type": "selection", "rule-id": "210", "rule-name": "210", "object-locator": {"schema-name": "EIRMGR", "table-name": "EIR_EQUIP_ISSUED_CONDITION_MT"}, "rule-action": "include"}, {"rule-type": "selection", "rule-id": "211", "rule-name": "211", "object-locator": {"schema-name": "EIRMGR", "table-name": "EIR_EQUIP_ISSUED_TO_COMPANY_MZ"}, "rule-action": "include"}, {"rule-type": "selection", "rule-id": "212", "rule-name": "212", "object-locator": {"schema-name": "EIRMGR", "table-name": "EIR_EQUIPMENT_CONDITION_MZ"}, "rule-action": "include"}, {"rule-type": "selection", "rule-id": "213", "rule-name": "213", "object-locator": {"schema-name": "EIRMGR", "table-name": "EIR_EQUIPMENT_POSITION_MZ"}, "rule-action": "include"}, {"rule-type": "selection", "rule-id": "214", "rule-name": "214", "object-locator": {"schema-name": "EIRMGR", "table-name": "EIR_EQUIPMENT_FACILITY_MZ"}, "rule-action": "include"}, {"rule-type": "selection", "rule-id": "215", "rule-name": "215", "object-locator": {"schema-name": "EIRMGR", "table-name": "EIR_EQUIP_RESPONSIBLE_PARTY_MZ"}, "rule-action": "include"}, {"rule-type": "selection", "rule-id": "216", "rule-name": "216", "object-locator": {"schema-name": "EIRMGR", "table-name": "EIR_EQUIPMENT_ISO_MZ"}, "rule-action": "include"}, {"rule-type": "selection", "rule-id": "217", "rule-name": "217", "object-locator": {"schema-name": "EIRMGR", "table-name": "EIR_SUBSTITUTION_REASON_MZ"}, "rule-action": "include"}, {"rule-type": "selection", "rule-id": "218", "rule-name": "218", "object-locator": {"schema-name": "EIRMGR", "table-name": "EIR_APPLICATION_PARAMETER_MZ"}, "rule-action": "include"}]}