{"rules": [{"rule-type": "selection", "rule-id": "309", "rule-name": "309", "object-locator": {"schema-name": "MT_OWNER", "table-name": "MZ_HOLD"}, "rule-action": "include"}, {"rule-type": "selection", "rule-id": "310", "rule-name": "310", "object-locator": {"schema-name": "MT_OWNER", "table-name": "MZ_PROBLEM_CAUSE_TYPE"}, "rule-action": "include"}, {"rule-type": "selection", "rule-id": "311", "rule-name": "311", "object-locator": {"schema-name": "MT_OWNER", "table-name": "MZ_PROBLEM_STATUS"}, "rule-action": "include"}, {"rule-type": "selection", "rule-id": "312", "rule-name": "312", "object-locator": {"schema-name": "MT_OWNER", "table-name": "MZ_PROBLEM_TYPE"}, "rule-action": "include"}, {"rule-type": "selection", "rule-id": "313", "rule-name": "313", "object-locator": {"schema-name": "MT_OWNER", "table-name": "MZ_PROBLEM_SOURCE_TYPE"}, "rule-action": "include"}, {"rule-type": "selection", "rule-id": "314", "rule-name": "314", "object-locator": {"schema-name": "MT_OWNER", "table-name": "MZ_UNIT_STATUS"}, "rule-action": "include"}, {"rule-type": "selection", "rule-id": "315", "rule-name": "315", "object-locator": {"schema-name": "MT_OWNER", "table-name": "MT_MONITOR_COLUMN"}, "rule-action": "include"}, {"rule-type": "selection", "rule-id": "316", "rule-name": "316", "object-locator": {"schema-name": "MT_OWNER", "table-name": "MT_MONITOR"}, "rule-action": "include"}, {"rule-type": "selection", "rule-id": "317", "rule-name": "317", "object-locator": {"schema-name": "MT_OWNER", "table-name": "MT_MONITOR_FILTER"}, "rule-action": "include"}, {"rule-type": "selection", "rule-id": "318", "rule-name": "318", "object-locator": {"schema-name": "MT_OWNER", "table-name": "MT_VESSEL_INVENTORY"}, "rule-action": "include"}, {"rule-type": "selection", "rule-id": "319", "rule-name": "319", "object-locator": {"schema-name": "MT_OWNER", "table-name": "MT_VESSEL_INVENTORY_ARCHIVE"}, "rule-action": "include"}, {"rule-type": "selection", "rule-id": "320", "rule-name": "320", "object-locator": {"schema-name": "MT_OWNER", "table-name": "MT_VESSEL_INTERFACE"}, "rule-action": "include"}, {"rule-type": "selection", "rule-id": "321", "rule-name": "321", "object-locator": {"schema-name": "MT_OWNER", "table-name": "MT_PLAN_IN"}, "rule-action": "include"}, {"rule-type": "selection", "rule-id": "322", "rule-name": "322", "object-locator": {"schema-name": "MT_OWNER", "table-name": "MT_PLAN_OUT"}, "rule-action": "include"}, {"rule-type": "selection", "rule-id": "323", "rule-name": "323", "object-locator": {"schema-name": "MT_OWNER", "table-name": "MZ_DIRECTION"}, "rule-action": "include"}, {"rule-type": "selection", "rule-id": "324", "rule-name": "324", "object-locator": {"schema-name": "MT_OWNER", "table-name": "MT_MESSAGE_ARCHIVE"}, "rule-action": "include"}, {"rule-type": "selection", "rule-id": "325", "rule-name": "325", "object-locator": {"schema-name": "MT_OWNER", "table-name": "ML_TERMINAL_TERMINAL_FLAG"}, "rule-action": "include"}, {"rule-type": "selection", "rule-id": "326", "rule-name": "326", "object-locator": {"schema-name": "MT_OWNER", "table-name": "ML_UNIT_HOLD"}, "rule-action": "include"}, {"rule-type": "selection", "rule-id": "327", "rule-name": "327", "object-locator": {"schema-name": "MT_OWNER", "table-name": "MZ_BERTH"}, "rule-action": "include"}, {"rule-type": "selection", "rule-id": "328", "rule-name": "328", "object-locator": {"schema-name": "MT_OWNER", "table-name": "ML_ROLE_PERMISSION"}, "rule-action": "include"}, {"rule-type": "selection", "rule-id": "329", "rule-name": "329", "object-locator": {"schema-name": "MT_OWNER", "table-name": "MT_USER_MONITOR"}, "rule-action": "include"}, {"rule-type": "selection", "rule-id": "330", "rule-name": "330", "object-locator": {"schema-name": "MT_OWNER", "table-name": "MZ_ERROR"}, "rule-action": "include"}, {"rule-type": "selection", "rule-id": "331", "rule-name": "331", "object-locator": {"schema-name": "MT_OWNER", "table-name": "MZ_SEARCH_CRITERIA"}, "rule-action": "include"}, {"rule-type": "selection", "rule-id": "332", "rule-name": "332", "object-locator": {"schema-name": "MT_OWNER", "table-name": "MZ_SEVERITY_LEVEL"}, "rule-action": "include"}, {"rule-type": "selection", "rule-id": "333", "rule-name": "333", "object-locator": {"schema-name": "MT_OWNER", "table-name": "MZ_EVENT"}, "rule-action": "include"}, {"rule-type": "selection", "rule-id": "334", "rule-name": "334", "object-locator": {"schema-name": "MT_OWNER", "table-name": "MZ_PERMISSION_RIGHT"}, "rule-action": "include"}, {"rule-type": "selection", "rule-id": "335", "rule-name": "335", "object-locator": {"schema-name": "MT_OWNER", "table-name": "MZ_PERMISSION"}, "rule-action": "include"}, {"rule-type": "selection", "rule-id": "336", "rule-name": "336", "object-locator": {"schema-name": "MT_OWNER", "table-name": "MZ_PERMISSION_TYPE"}, "rule-action": "include"}, {"rule-type": "selection", "rule-id": "337", "rule-name": "337", "object-locator": {"schema-name": "MT_OWNER", "table-name": "MZ_TERMINAL"}, "rule-action": "include"}, {"rule-type": "selection", "rule-id": "338", "rule-name": "338", "object-locator": {"schema-name": "MT_OWNER", "table-name": "MZ_TERMINAL_LAYOUT"}, "rule-action": "include"}, {"rule-type": "selection", "rule-id": "339", "rule-name": "339", "object-locator": {"schema-name": "MT_OWNER", "table-name": "MZ_TERMINAL_PRINTER"}, "rule-action": "include"}, {"rule-type": "selection", "rule-id": "340", "rule-name": "340", "object-locator": {"schema-name": "MT_OWNER", "table-name": "MZ_TERMINAL_AREA"}, "rule-action": "include"}, {"rule-type": "selection", "rule-id": "341", "rule-name": "341", "object-locator": {"schema-name": "MT_OWNER", "table-name": "MZ_TERMINAL_FLAG"}, "rule-action": "include"}, {"rule-type": "selection", "rule-id": "342", "rule-name": "342", "object-locator": {"schema-name": "MT_OWNER", "table-name": "MZ_TERMINAL_LINE"}, "rule-action": "include"}, {"rule-type": "selection", "rule-id": "343", "rule-name": "343", "object-locator": {"schema-name": "MT_OWNER", "table-name": "MZ_UOM"}, "rule-action": "include"}, {"rule-type": "selection", "rule-id": "344", "rule-name": "344", "object-locator": {"schema-name": "MT_OWNER", "table-name": "MT_TERMINAL_INVENTORY"}, "rule-action": "include"}, {"rule-type": "selection", "rule-id": "345", "rule-name": "345", "object-locator": {"schema-name": "MT_OWNER", "table-name": "MT_TERMINAL_INVENTORY_ARCHIVE"}, "rule-action": "include"}, {"rule-type": "selection", "rule-id": "346", "rule-name": "346", "object-locator": {"schema-name": "MT_OWNER", "table-name": "MZ_VESSEL_PROFILE"}, "rule-action": "include"}, {"rule-type": "selection", "rule-id": "347", "rule-name": "347", "object-locator": {"schema-name": "MT_OWNER", "table-name": "MZ_VESSEL_VOYAGE"}, "rule-action": "include"}, {"rule-type": "selection", "rule-id": "348", "rule-name": "348", "object-locator": {"schema-name": "MT_OWNER", "table-name": "MZ_VESSEL_VOYAGE_STATUS"}, "rule-action": "include"}, {"rule-type": "selection", "rule-id": "349", "rule-name": "349", "object-locator": {"schema-name": "MT_OWNER", "table-name": "MZ_VESSEL_VOYAGE_ITINERARY"}, "rule-action": "include"}, {"rule-type": "selection", "rule-id": "350", "rule-name": "350", "object-locator": {"schema-name": "MT_OWNER", "table-name": "MZ_VEHICLE_TYPE"}, "rule-action": "include"}, {"rule-type": "selection", "rule-id": "351", "rule-name": "351", "object-locator": {"schema-name": "MT_OWNER", "table-name": "MZ_VESSEL_TYPE"}, "rule-action": "include"}, {"rule-type": "selection", "rule-id": "352", "rule-name": "352", "object-locator": {"schema-name": "MT_OWNER", "table-name": "MZ_VESSEL"}, "rule-action": "include"}, {"rule-type": "selection", "rule-id": "353", "rule-name": "353", "object-locator": {"schema-name": "MT_OWNER", "table-name": "MZ_VIN_DAYS"}, "rule-action": "include"}, {"rule-type": "selection", "rule-id": "354", "rule-name": "354", "object-locator": {"schema-name": "MT_OWNER", "table-name": "MZ_SURVEY_AREA_DAMAGE_LOCATION"}, "rule-action": "include"}, {"rule-type": "selection", "rule-id": "355", "rule-name": "355", "object-locator": {"schema-name": "MT_OWNER", "table-name": "MZ_SURVEY_DAMAGE_AREA"}, "rule-action": "include"}, {"rule-type": "selection", "rule-id": "356", "rule-name": "356", "object-locator": {"schema-name": "MT_OWNER", "table-name": "MZ_SURVEY_DAMAGE_TYPE"}, "rule-action": "include"}, {"rule-type": "selection", "rule-id": "357", "rule-name": "357", "object-locator": {"schema-name": "MT_OWNER", "table-name": "MZ_SURVEY_TYPE"}, "rule-action": "include"}, {"rule-type": "selection", "rule-id": "358", "rule-name": "358", "object-locator": {"schema-name": "MT_OWNER", "table-name": "MZ_TIMEZONE"}, "rule-action": "include"}, {"rule-type": "selection", "rule-id": "359", "rule-name": "359", "object-locator": {"schema-name": "MT_OWNER", "table-name": "MZ_USER"}, "rule-action": "include"}, {"rule-type": "selection", "rule-id": "360", "rule-name": "360", "object-locator": {"schema-name": "MT_OWNER", "table-name": "MT_PROBLEM_EVENT_LOG"}, "rule-action": "include"}, {"rule-type": "selection", "rule-id": "361", "rule-name": "361", "object-locator": {"schema-name": "MT_OWNER", "table-name": "MZ_SHIPPER_CLASS"}, "rule-action": "include"}, {"rule-type": "selection", "rule-id": "362", "rule-name": "362", "object-locator": {"schema-name": "MT_OWNER", "table-name": "MZ_SHIPPER_CLASS_ATTR"}, "rule-action": "include"}, {"rule-type": "selection", "rule-id": "363", "rule-name": "363", "object-locator": {"schema-name": "MT_OWNER", "table-name": "MZ_PORT"}, "rule-action": "include"}, {"rule-type": "selection", "rule-id": "364", "rule-name": "364", "object-locator": {"schema-name": "MT_OWNER", "table-name": "ML_HOLD_EVENT"}, "rule-action": "include"}, {"rule-type": "selection", "rule-id": "365", "rule-name": "365", "object-locator": {"schema-name": "MT_OWNER", "table-name": "MT_ERROR_COLLECTION"}, "rule-action": "include"}, {"rule-type": "selection", "rule-id": "366", "rule-name": "366", "object-locator": {"schema-name": "MT_OWNER", "table-name": "MT_ERROR_COLLECTION_DETAIL"}, "rule-action": "include"}, {"rule-type": "selection", "rule-id": "367", "rule-name": "367", "object-locator": {"schema-name": "MT_OWNER", "table-name": "MZ_LOCATION_TYPE"}, "rule-action": "include"}, {"rule-type": "selection", "rule-id": "368", "rule-name": "368", "object-locator": {"schema-name": "MT_OWNER", "table-name": "MZ_LINE_TYPE"}, "rule-action": "include"}, {"rule-type": "selection", "rule-id": "369", "rule-name": "369", "object-locator": {"schema-name": "MT_OWNER", "table-name": "MZ_EQUIPMENT_TYPE"}, "rule-action": "include"}, {"rule-type": "selection", "rule-id": "370", "rule-name": "370", "object-locator": {"schema-name": "MT_OWNER", "table-name": "MT_DROPOFF_EVENT"}, "rule-action": "include"}, {"rule-type": "selection", "rule-id": "371", "rule-name": "371", "object-locator": {"schema-name": "MT_OWNER", "table-name": "ML_USER_ROLE"}, "rule-action": "include"}, {"rule-type": "selection", "rule-id": "372", "rule-name": "372", "object-locator": {"schema-name": "MT_OWNER", "table-name": "ML_USER_PERMISSION"}, "rule-action": "include"}, {"rule-type": "selection", "rule-id": "373", "rule-name": "373", "object-locator": {"schema-name": "MT_OWNER", "table-name": "MT_ASN"}, "rule-action": "include"}, {"rule-type": "selection", "rule-id": "374", "rule-name": "374", "object-locator": {"schema-name": "MT_OWNER", "table-name": "MT_BOOKING_INFO"}, "rule-action": "include"}, {"rule-type": "selection", "rule-id": "375", "rule-name": "375", "object-locator": {"schema-name": "MT_OWNER", "table-name": "MT_AUTO_STATUS_FEED"}, "rule-action": "include"}, {"rule-type": "selection", "rule-id": "376", "rule-name": "376", "object-locator": {"schema-name": "MT_OWNER", "table-name": "MT_EQUIPMENT"}, "rule-action": "include"}, {"rule-type": "selection", "rule-id": "377", "rule-name": "377", "object-locator": {"schema-name": "MT_OWNER", "table-name": "MZ_MONITOR_DISPLAY"}, "rule-action": "include"}, {"rule-type": "selection", "rule-id": "378", "rule-name": "378", "object-locator": {"schema-name": "MT_OWNER", "table-name": "MZ_MONITOR_TYPE"}, "rule-action": "include"}, {"rule-type": "selection", "rule-id": "379", "rule-name": "379", "object-locator": {"schema-name": "MT_OWNER", "table-name": "MZ_MONITOR_VIEW"}, "rule-action": "include"}, {"rule-type": "selection", "rule-id": "380", "rule-name": "380", "object-locator": {"schema-name": "MT_OWNER", "table-name": "MZ_MONITOR_VIEW_COLUMN_TYPE"}, "rule-action": "include"}, {"rule-type": "selection", "rule-id": "381", "rule-name": "381", "object-locator": {"schema-name": "MT_OWNER", "table-name": "MZ_MONITOR_VIEW_COLUMN"}, "rule-action": "include"}, {"rule-type": "selection", "rule-id": "382", "rule-name": "382", "object-locator": {"schema-name": "MT_OWNER", "table-name": "MT_NOTIFICATION"}, "rule-action": "include"}, {"rule-type": "selection", "rule-id": "383", "rule-name": "383", "object-locator": {"schema-name": "MT_OWNER", "table-name": "MZ_INVENTORY_TYPE"}, "rule-action": "include"}, {"rule-type": "selection", "rule-id": "384", "rule-name": "384", "object-locator": {"schema-name": "MT_OWNER", "table-name": "MZ_INTERFACE_CODE_VALUE_MT"}, "rule-action": "include"}, {"rule-type": "selection", "rule-id": "385", "rule-name": "385", "object-locator": {"schema-name": "MT_OWNER", "table-name": "MZ_RAC_SURVEY"}, "rule-action": "include"}, {"rule-type": "selection", "rule-id": "386", "rule-name": "386", "object-locator": {"schema-name": "MT_OWNER", "table-name": "MT_SYSTEM_LOG_MSG"}, "rule-action": "include"}, {"rule-type": "selection", "rule-id": "387", "rule-name": "387", "object-locator": {"schema-name": "MT_OWNER", "table-name": "MZ_3RD_PARTY_VSL"}, "rule-action": "include"}, {"rule-type": "selection", "rule-id": "388", "rule-name": "388", "object-locator": {"schema-name": "MT_OWNER", "table-name": "MT_GATE_INVENTORY"}, "rule-action": "include"}, {"rule-type": "selection", "rule-id": "389", "rule-name": "389", "object-locator": {"schema-name": "MT_OWNER", "table-name": "MT_GATE_INVENTORY_ARCHIVE"}, "rule-action": "include"}, {"rule-type": "selection", "rule-id": "390", "rule-name": "390", "object-locator": {"schema-name": "MT_OWNER", "table-name": "MT_STUFF_DETAIL"}, "rule-action": "include"}, {"rule-type": "selection", "rule-id": "391", "rule-name": "391", "object-locator": {"schema-name": "MT_OWNER", "table-name": "MT_STUFF"}, "rule-action": "include"}, {"rule-type": "selection", "rule-id": "392", "rule-name": "392", "object-locator": {"schema-name": "MT_OWNER", "table-name": "CAS_SPR_JOB_INSTANCE"}, "rule-action": "include"}, {"rule-type": "selection", "rule-id": "393", "rule-name": "393", "object-locator": {"schema-name": "MT_OWNER", "table-name": "CAS_SPR_STEP_EXECUTION"}, "rule-action": "include"}, {"rule-type": "selection", "rule-id": "394", "rule-name": "394", "object-locator": {"schema-name": "MT_OWNER", "table-name": "CAS_SPR_JOB_EXECUTION"}, "rule-action": "include"}, {"rule-type": "selection", "rule-id": "395", "rule-name": "395", "object-locator": {"schema-name": "MT_OWNER", "table-name": "MT_INTERFACE"}, "rule-action": "include"}, {"rule-type": "selection", "rule-id": "396", "rule-name": "396", "object-locator": {"schema-name": "MT_OWNER", "table-name": "MZ_LAND_MASS"}, "rule-action": "include"}, {"rule-type": "selection", "rule-id": "397", "rule-name": "397", "object-locator": {"schema-name": "MT_OWNER", "table-name": "MT_GED_EDI_EVENTS"}, "rule-action": "include"}, {"rule-type": "selection", "rule-id": "398", "rule-name": "398", "object-locator": {"schema-name": "MT_OWNER", "table-name": "MT_EVENT_LOG_ARCHIVE"}, "rule-action": "include"}, {"rule-type": "selection", "rule-id": "399", "rule-name": "399", "object-locator": {"schema-name": "MT_OWNER", "table-name": "MT_EVENT_LOG"}, "rule-action": "include"}, {"rule-type": "selection", "rule-id": "400", "rule-name": "400", "object-locator": {"schema-name": "MT_OWNER", "table-name": "CAS_QRTZ_FIRED_TRIGGERS"}, "rule-action": "include"}, {"rule-type": "selection", "rule-id": "401", "rule-name": "401", "object-locator": {"schema-name": "MT_OWNER", "table-name": "CAS_QRTZ_JOB_LISTENERS"}, "rule-action": "include"}, {"rule-type": "selection", "rule-id": "402", "rule-name": "402", "object-locator": {"schema-name": "MT_OWNER", "table-name": "CAS_QRTZ_TRIGGER_LISTENERS"}, "rule-action": "include"}, {"rule-type": "selection", "rule-id": "403", "rule-name": "403", "object-locator": {"schema-name": "MT_OWNER", "table-name": "CAS_QRTZ_CRON_TRIGGERS"}, "rule-action": "include"}, {"rule-type": "selection", "rule-id": "404", "rule-name": "404", "object-locator": {"schema-name": "MT_OWNER", "table-name": "CAS_QUARTZ_PROPERTY_MT"}, "rule-action": "include"}, {"rule-type": "selection", "rule-id": "405", "rule-name": "405", "object-locator": {"schema-name": "MT_OWNER", "table-name": "CAS_QRTZ_LOCKS"}, "rule-action": "include"}, {"rule-type": "selection", "rule-id": "406", "rule-name": "406", "object-locator": {"schema-name": "MT_OWNER", "table-name": "CAS_QRTZ_PAUSED_TRIGGER_GRPS"}, "rule-action": "include"}, {"rule-type": "selection", "rule-id": "407", "rule-name": "407", "object-locator": {"schema-name": "MT_OWNER", "table-name": "CAS_QRTZ_SIMPLE_TRIGGERS"}, "rule-action": "include"}, {"rule-type": "selection", "rule-id": "408", "rule-name": "408", "object-locator": {"schema-name": "MT_OWNER", "table-name": "CAS_QRTZ_SCHEDULER_STATE"}, "rule-action": "include"}, {"rule-type": "selection", "rule-id": "409", "rule-name": "409", "object-locator": {"schema-name": "MT_OWNER", "table-name": "MZ_ROLE"}, "rule-action": "include"}, {"rule-type": "selection", "rule-id": "410", "rule-name": "410", "object-locator": {"schema-name": "MT_OWNER", "table-name": "MT_PORT_ROUTING_AUDIT"}, "rule-action": "include"}, {"rule-type": "selection", "rule-id": "411", "rule-name": "411", "object-locator": {"schema-name": "MT_OWNER", "table-name": "MT_PORT_INVENTORY"}, "rule-action": "include"}, {"rule-type": "selection", "rule-id": "412", "rule-name": "412", "object-locator": {"schema-name": "MT_OWNER", "table-name": "MT_UNIT_SURVEY"}, "rule-action": "include"}, {"rule-type": "selection", "rule-id": "413", "rule-name": "413", "object-locator": {"schema-name": "MT_OWNER", "table-name": "MT_UNIT_ARCHIVE"}, "rule-action": "include"}, {"rule-type": "selection", "rule-id": "414", "rule-name": "414", "object-locator": {"schema-name": "MT_OWNER", "table-name": "MT_UNIT_ATTRIBUTES"}, "rule-action": "include"}, {"rule-type": "selection", "rule-id": "415", "rule-name": "415", "object-locator": {"schema-name": "MT_OWNER", "table-name": "MT_UNIT_SURVEY_DETAIL"}, "rule-action": "include"}, {"rule-type": "selection", "rule-id": "416", "rule-name": "416", "object-locator": {"schema-name": "MT_OWNER", "table-name": "MT_UNIT_ITINERARY"}, "rule-action": "include"}, {"rule-type": "selection", "rule-id": "417", "rule-name": "417", "object-locator": {"schema-name": "MT_OWNER", "table-name": "MT_UNIT_PREP"}, "rule-action": "include"}, {"rule-type": "selection", "rule-id": "418", "rule-name": "418", "object-locator": {"schema-name": "MT_OWNER", "table-name": "MT_UNIT"}, "rule-action": "include"}, {"rule-type": "selection", "rule-id": "419", "rule-name": "419", "object-locator": {"schema-name": "MT_OWNER", "table-name": "VINS_EVENT_SUBSCRIBER_MT"}, "rule-action": "include"}, {"rule-type": "selection", "rule-id": "420", "rule-name": "420", "object-locator": {"schema-name": "MT_OWNER", "table-name": "VINS_MAIL_GROUP_MT"}, "rule-action": "include"}, {"rule-type": "selection", "rule-id": "421", "rule-name": "421", "object-locator": {"schema-name": "MT_OWNER", "table-name": "VINS_SCN_LOCATION_MT"}, "rule-action": "include"}, {"rule-type": "selection", "rule-id": "422", "rule-name": "422", "object-locator": {"schema-name": "MT_OWNER", "table-name": "VINS_SHIPMENT_ORDER_MT"}, "rule-action": "include"}, {"rule-type": "selection", "rule-id": "423", "rule-name": "423", "object-locator": {"schema-name": "MT_OWNER", "table-name": "VINS_PURGE_DETAIL_MT"}, "rule-action": "include"}, {"rule-type": "selection", "rule-id": "424", "rule-name": "424", "object-locator": {"schema-name": "MT_OWNER", "table-name": "VINS_TERMINAL_LOCATION_ML"}, "rule-action": "include"}, {"rule-type": "selection", "rule-id": "425", "rule-name": "425", "object-locator": {"schema-name": "MT_OWNER", "table-name": "VINS_IBS_STATUS_CODE_MZ"}, "rule-action": "include"}, {"rule-type": "selection", "rule-id": "426", "rule-name": "426", "object-locator": {"schema-name": "MT_OWNER", "table-name": "VINS_PROCESS_SUBSCRIBER_MZ"}, "rule-action": "include"}, {"rule-type": "selection", "rule-id": "427", "rule-name": "427", "object-locator": {"schema-name": "MT_OWNER", "table-name": "VINS_TRANSPORT_MODE_MZ"}, "rule-action": "include"}, {"rule-type": "selection", "rule-id": "428", "rule-name": "428", "object-locator": {"schema-name": "MT_OWNER", "table-name": "VINS_PURGE_PROCESS_MZ"}, "rule-action": "include"}, {"rule-type": "selection", "rule-id": "429", "rule-name": "429", "object-locator": {"schema-name": "MT_OWNER", "table-name": "VINS_PURGE_MT"}, "rule-action": "include"}, {"rule-type": "selection", "rule-id": "430", "rule-name": "430", "object-locator": {"schema-name": "MT_OWNER", "table-name": "VINS_UNIT_ALERT_EMAIL_MT"}, "rule-action": "include"}, {"rule-type": "selection", "rule-id": "431", "rule-name": "431", "object-locator": {"schema-name": "MT_OWNER", "table-name": "VINS_AUTO_CORSN_FEED_MT"}, "rule-action": "include"}, {"rule-type": "selection", "rule-id": "432", "rule-name": "432", "object-locator": {"schema-name": "MT_OWNER", "table-name": "VINS_SHIPMENT_DETAIL_MT"}, "rule-action": "include"}, {"rule-type": "selection", "rule-id": "433", "rule-name": "433", "object-locator": {"schema-name": "MT_OWNER", "table-name": "VINS_EVENT_TRANSLATION_MZ"}, "rule-action": "include"}, {"rule-type": "selection", "rule-id": "434", "rule-name": "434", "object-locator": {"schema-name": "MT_OWNER", "table-name": "VINS_SCN_QUOTE_MT"}, "rule-action": "include"}, {"rule-type": "selection", "rule-id": "435", "rule-name": "435", "object-locator": {"schema-name": "MT_OWNER", "table-name": "VINS_ALERT_EVENT_MT"}, "rule-action": "include"}, {"rule-type": "selection", "rule-id": "436", "rule-name": "436", "object-locator": {"schema-name": "MT_OWNER", "table-name": "VINS_SCN_QUOTE_VEHICLE_MT"}, "rule-action": "include"}, {"rule-type": "selection", "rule-id": "437", "rule-name": "437", "object-locator": {"schema-name": "MT_OWNER", "table-name": "VINS_AUTO_STATUS_FEED_MT"}, "rule-action": "include"}, {"rule-type": "selection", "rule-id": "438", "rule-name": "438", "object-locator": {"schema-name": "MT_OWNER", "table-name": "VINS_ALERT_GROUP_MT"}, "rule-action": "include"}, {"rule-type": "selection", "rule-id": "439", "rule-name": "439", "object-locator": {"schema-name": "MT_OWNER", "table-name": "VINS_INLAND_INVENTORY_MT"}, "rule-action": "include"}, {"rule-type": "selection", "rule-id": "440", "rule-name": "440", "object-locator": {"schema-name": "MT_OWNER", "table-name": "VINS_SHIPMENT_STATUS_CODE_MZ"}, "rule-action": "include"}, {"rule-type": "selection", "rule-id": "441", "rule-name": "441", "object-locator": {"schema-name": "MT_OWNER", "table-name": "VINS_BOOKING_TCN_MT"}, "rule-action": "include"}]}