{"rules": [{"rule-type": "selection", "rule-id": "220", "rule-name": "220", "object-locator": {"schema-name": "MDAMGR", "table-name": "MT_GL_CENTER"}, "rule-action": "include"}, {"rule-type": "selection", "rule-id": "221", "rule-name": "221", "object-locator": {"schema-name": "MDAMGR", "table-name": "MT_MDA_CODE_DESCRIPTION"}, "rule-action": "include"}, {"rule-type": "selection", "rule-id": "222", "rule-name": "222", "object-locator": {"schema-name": "MDAMGR", "table-name": "MT_MDA_ITEM_APPROVAL"}, "rule-action": "include"}, {"rule-type": "selection", "rule-id": "223", "rule-name": "223", "object-locator": {"schema-name": "MDAMGR", "table-name": "MT_MDA_ITEM"}, "rule-action": "include"}, {"rule-type": "selection", "rule-id": "224", "rule-name": "224", "object-locator": {"schema-name": "MDAMGR", "table-name": "MT_CORPORATE_MAPPING"}, "rule-action": "include"}, {"rule-type": "selection", "rule-id": "225", "rule-name": "225", "object-locator": {"schema-name": "MDAMGR", "table-name": "MT_PREFERENCE"}, "rule-action": "include"}, {"rule-type": "selection", "rule-id": "226", "rule-name": "226", "object-locator": {"schema-name": "MDAMGR", "table-name": "MT_ASSET_CATEGORY_TYPE"}, "rule-action": "include"}, {"rule-type": "selection", "rule-id": "227", "rule-name": "227", "object-locator": {"schema-name": "MDAMGR", "table-name": "MT_IVIS_EQUIPMENT_DETAIL"}, "rule-action": "include"}, {"rule-type": "selection", "rule-id": "228", "rule-name": "228", "object-locator": {"schema-name": "MDAMGR", "table-name": "MT_FINANCIAL_APPROVAL"}, "rule-action": "include"}]}