{"rules": [{"rule-type": "selection", "rule-id": "706", "rule-name": "706", "object-locator": {"schema-name": "VINSIGHT_GUIMGR2", "table-name": "JBM_POSTOFFICE"}, "rule-action": "include"}, {"rule-type": "selection", "rule-id": "707", "rule-name": "707", "object-locator": {"schema-name": "VINSIGHT_GUIMGR2", "table-name": "JBM_ROLE"}, "rule-action": "include"}, {"rule-type": "selection", "rule-id": "708", "rule-name": "708", "object-locator": {"schema-name": "VINSIGHT_GUIMGR2", "table-name": "JBM_TX_EX"}, "rule-action": "include"}, {"rule-type": "selection", "rule-id": "709", "rule-name": "709", "object-locator": {"schema-name": "VINSIGHT_GUIMGR2", "table-name": "JBM_DUAL"}, "rule-action": "include"}, {"rule-type": "selection", "rule-id": "710", "rule-name": "710", "object-locator": {"schema-name": "VINSIGHT_GUIMGR2", "table-name": "JBM_MSG_REF"}, "rule-action": "include"}, {"rule-type": "selection", "rule-id": "711", "rule-name": "711", "object-locator": {"schema-name": "VINSIGHT_GUIMGR2", "table-name": "JBM_USER"}, "rule-action": "include"}, {"rule-type": "selection", "rule-id": "712", "rule-name": "712", "object-locator": {"schema-name": "VINSIGHT_GUIMGR2", "table-name": "HILOSEQUENCES"}, "rule-action": "include"}, {"rule-type": "selection", "rule-id": "713", "rule-name": "713", "object-locator": {"schema-name": "VINSIGHT_GUIMGR2", "table-name": "JBM_ID_CACHE"}, "rule-action": "include"}, {"rule-type": "selection", "rule-id": "714", "rule-name": "714", "object-locator": {"schema-name": "VINSIGHT_GUIMGR2", "table-name": "JBM_CLUSTER"}, "rule-action": "include"}, {"rule-type": "selection", "rule-id": "715", "rule-name": "715", "object-locator": {"schema-name": "VINSIGHT_GUIMGR2", "table-name": "JBM_COUNTER"}, "rule-action": "include"}]}