{"rules": [{"rule-type": "selection", "rule-id": "164", "rule-name": "164", "object-locator": {"schema-name": "DWMGR", "table-name": "DCM_HEADER"}, "rule-action": "include"}, {"rule-type": "selection", "rule-id": "165", "rule-name": "165", "object-locator": {"schema-name": "DWMGR", "table-name": "MT_UNIT_ATTRIBUTES_MMV"}, "rule-action": "include"}, {"rule-type": "selection", "rule-id": "166", "rule-name": "166", "object-locator": {"schema-name": "DWMGR", "table-name": "MT_UNIT_MMV"}, "rule-action": "include"}, {"rule-type": "selection", "rule-id": "167", "rule-name": "167", "object-locator": {"schema-name": "DWMGR", "table-name": "DM_CARRIER"}, "rule-action": "include"}, {"rule-type": "selection", "rule-id": "168", "rule-name": "168", "object-locator": {"schema-name": "DWMGR", "table-name": "DM_CONTAINER_TYPE"}, "rule-action": "include"}, {"rule-type": "selection", "rule-id": "169", "rule-name": "169", "object-locator": {"schema-name": "DWMGR", "table-name": "DM_COMMODITY"}, "rule-action": "include"}, {"rule-type": "selection", "rule-id": "170", "rule-name": "170", "object-locator": {"schema-name": "DWMGR", "table-name": "DCM_DETAIL"}, "rule-action": "include"}, {"rule-type": "selection", "rule-id": "171", "rule-name": "171", "object-locator": {"schema-name": "DWMGR", "table-name": "DW_LOAD_CONTROL"}, "rule-action": "include"}, {"rule-type": "selection", "rule-id": "172", "rule-name": "172", "object-locator": {"schema-name": "DWMGR", "table-name": "DW_LOAD_CONTROL_MT"}, "rule-action": "include"}, {"rule-type": "selection", "rule-id": "173", "rule-name": "173", "object-locator": {"schema-name": "DWMGR", "table-name": "DW_LOAD_ERROR_MT"}, "rule-action": "include"}, {"rule-type": "selection", "rule-id": "174", "rule-name": "174", "object-locator": {"schema-name": "DWMGR", "table-name": "DW_LOAD_HISTORY_MT"}, "rule-action": "include"}, {"rule-type": "selection", "rule-id": "175", "rule-name": "175", "object-locator": {"schema-name": "DWMGR", "table-name": "AMIS_VEHICLE"}, "rule-action": "include"}, {"rule-type": "selection", "rule-id": "176", "rule-name": "176", "object-locator": {"schema-name": "DWMGR", "table-name": "MT_TERMINAL_INVENTORY_MMV"}, "rule-action": "include"}, {"rule-type": "selection", "rule-id": "177", "rule-name": "177", "object-locator": {"schema-name": "DWMGR", "table-name": "MIL_ACCT_REV_EXP_MT_OLD"}, "rule-action": "include"}, {"rule-type": "selection", "rule-id": "178", "rule-name": "178", "object-locator": {"schema-name": "DWMGR", "table-name": "DM_CONSIGNEE"}, "rule-action": "include"}, {"rule-type": "selection", "rule-id": "179", "rule-name": "179", "object-locator": {"schema-name": "DWMGR", "table-name": "MT_BOOKING_INFO_MMV"}, "rule-action": "include"}, {"rule-type": "selection", "rule-id": "180", "rule-name": "180", "object-locator": {"schema-name": "DWMGR", "table-name": "DM_USA_DESTINATION"}, "rule-action": "include"}, {"rule-type": "selection", "rule-id": "181", "rule-name": "181", "object-locator": {"schema-name": "DWMGR", "table-name": "DM_COUNTRY"}, "rule-action": "include"}, {"rule-type": "selection", "rule-id": "182", "rule-name": "182", "object-locator": {"schema-name": "DWMGR", "table-name": "DM_SHIPPER"}, "rule-action": "include"}, {"rule-type": "selection", "rule-id": "183", "rule-name": "183", "object-locator": {"schema-name": "DWMGR", "table-name": "VINS_INLAND_INVENTORY_MT_ARCH"}, "rule-action": "include"}, {"rule-type": "selection", "rule-id": "184", "rule-name": "184", "object-locator": {"schema-name": "DWMGR", "table-name": "MT_EVENT_LOG_MMV"}, "rule-action": "include"}, {"rule-type": "selection", "rule-id": "185", "rule-name": "185", "object-locator": {"schema-name": "DWMGR", "table-name": "MZ_VESSEL_VOYAGE_ITINERARY_MMV"}, "rule-action": "include"}, {"rule-type": "selection", "rule-id": "186", "rule-name": "186", "object-locator": {"schema-name": "DWMGR", "table-name": "MZ_VESSEL_MMV"}, "rule-action": "include"}, {"rule-type": "selection", "rule-id": "187", "rule-name": "187", "object-locator": {"schema-name": "DWMGR", "table-name": "VINS_SCN_LOCATION_MMV"}, "rule-action": "include"}, {"rule-type": "selection", "rule-id": "188", "rule-name": "188", "object-locator": {"schema-name": "DWMGR", "table-name": "MZ_EMAIL_PARAMS"}, "rule-action": "include"}, {"rule-type": "selection", "rule-id": "189", "rule-name": "189", "object-locator": {"schema-name": "DWMGR", "table-name": "VEHICLE_VESSEL_EVENT_MT"}, "rule-action": "include"}, {"rule-type": "selection", "rule-id": "190", "rule-name": "190", "object-locator": {"schema-name": "DWMGR", "table-name": "DWM_JOC"}, "rule-action": "include"}, {"rule-type": "selection", "rule-id": "191", "rule-name": "191", "object-locator": {"schema-name": "DWMGR", "table-name": "MT_VEHICLE_INFO_MMV"}, "rule-action": "include"}, {"rule-type": "selection", "rule-id": "192", "rule-name": "192", "object-locator": {"schema-name": "DWMGR", "table-name": "DM_PERIOD"}, "rule-action": "include"}, {"rule-type": "selection", "rule-id": "193", "rule-name": "193", "object-locator": {"schema-name": "DWMGR", "table-name": "VINS_SHIPMENT_DETAIL_MT_ARCH"}, "rule-action": "include"}, {"rule-type": "selection", "rule-id": "194", "rule-name": "194", "object-locator": {"schema-name": "DWMGR", "table-name": "MT_VESSEL_INVENTORY_MMV"}, "rule-action": "include"}, {"rule-type": "selection", "rule-id": "195", "rule-name": "195", "object-locator": {"schema-name": "DWMGR", "table-name": "MZ_TERMINAL_MMV"}, "rule-action": "include"}, {"rule-type": "selection", "rule-id": "196", "rule-name": "196", "object-locator": {"schema-name": "DWMGR", "table-name": "DM_CARGO_ORIGIN"}, "rule-action": "include"}, {"rule-type": "selection", "rule-id": "197", "rule-name": "197", "object-locator": {"schema-name": "DWMGR", "table-name": "NEQ_CITY_MMV"}, "rule-action": "include"}, {"rule-type": "selection", "rule-id": "198", "rule-name": "198", "object-locator": {"schema-name": "DWMGR", "table-name": "MT_PORT_INVENTORY_MMV"}, "rule-action": "include"}, {"rule-type": "selection", "rule-id": "199", "rule-name": "199", "object-locator": {"schema-name": "DWMGR", "table-name": "MT_PORT_INVENTORY_ARCH"}, "rule-action": "include"}, {"rule-type": "selection", "rule-id": "200", "rule-name": "200", "object-locator": {"schema-name": "DWMGR", "table-name": "JOC_COMM_CODE"}, "rule-action": "include"}]}