{"rules": [{"rule-type": "selection", "rule-id": "716", "rule-name": "716", "object-locator": {"schema-name": "VSSMGR", "table-name": "MT_VOYAGE_ARCHIVE"}, "rule-action": "include"}, {"rule-type": "selection", "rule-id": "717", "rule-name": "717", "object-locator": {"schema-name": "VSSMGR", "table-name": "MT_VOYAGE"}, "rule-action": "include"}, {"rule-type": "selection", "rule-id": "718", "rule-name": "718", "object-locator": {"schema-name": "VSSMGR", "table-name": "MZ_STANDARD_NOTE"}, "rule-action": "include"}, {"rule-type": "selection", "rule-id": "719", "rule-name": "719", "object-locator": {"schema-name": "VSSMGR", "table-name": "IVS_AVAILABILITY_MZ"}, "rule-action": "include"}, {"rule-type": "selection", "rule-id": "720", "rule-name": "720", "object-locator": {"schema-name": "VSSMGR", "table-name": "MT_PORT_EVENT"}, "rule-action": "include"}, {"rule-type": "selection", "rule-id": "721", "rule-name": "721", "object-locator": {"schema-name": "VSSMGR", "table-name": "MT_PORT_EVENT_ARCHIVE"}, "rule-action": "include"}, {"rule-type": "selection", "rule-id": "722", "rule-name": "722", "object-locator": {"schema-name": "VSSMGR", "table-name": "MT_VESSEL_SCHEDULE_RULE"}, "rule-action": "include"}, {"rule-type": "selection", "rule-id": "723", "rule-name": "723", "object-locator": {"schema-name": "VSSMGR", "table-name": "MT_VESSEL_PROPERTY"}, "rule-action": "include"}, {"rule-type": "selection", "rule-id": "724", "rule-name": "724", "object-locator": {"schema-name": "VSSMGR", "table-name": "MZ_BERTH"}, "rule-action": "include"}, {"rule-type": "selection", "rule-id": "725", "rule-name": "725", "object-locator": {"schema-name": "VSSMGR", "table-name": "VSS_VESSEL_ROUTE_MZ"}, "rule-action": "include"}, {"rule-type": "selection", "rule-id": "726", "rule-name": "726", "object-locator": {"schema-name": "VSSMGR", "table-name": "VSS_VESSEL_ROUTE_CONDITION_MZ"}, "rule-action": "include"}, {"rule-type": "selection", "rule-id": "727", "rule-name": "727", "object-locator": {"schema-name": "VSSMGR", "table-name": "VSS_VESSEL_OTR_MZ"}, "rule-action": "include"}, {"rule-type": "selection", "rule-id": "728", "rule-name": "728", "object-locator": {"schema-name": "VSSMGR", "table-name": "VSS_VESSEL_ITIN_MT"}, "rule-action": "include"}, {"rule-type": "selection", "rule-id": "729", "rule-name": "729", "object-locator": {"schema-name": "VSSMGR", "table-name": "VSS_VIRTUAL_PORT_RULE_MZ"}, "rule-action": "include"}, {"rule-type": "selection", "rule-id": "730", "rule-name": "730", "object-locator": {"schema-name": "VSSMGR", "table-name": "VSS_AUTO_VESSEL_UPDATE_MT"}, "rule-action": "include"}, {"rule-type": "selection", "rule-id": "731", "rule-name": "731", "object-locator": {"schema-name": "VSSMGR", "table-name": "MZ_NOTE_TYPE"}, "rule-action": "include"}, {"rule-type": "selection", "rule-id": "732", "rule-name": "732", "object-locator": {"schema-name": "VSSMGR", "table-name": "MT_REPORT_PROPERTY"}, "rule-action": "include"}, {"rule-type": "selection", "rule-id": "733", "rule-name": "733", "object-locator": {"schema-name": "VSSMGR", "table-name": "VSS_INTERNAL_REPORT_MZ"}, "rule-action": "include"}, {"rule-type": "selection", "rule-id": "734", "rule-name": "734", "object-locator": {"schema-name": "VSSMGR", "table-name": "VSS_SCHEDULE_TEMPLATE_DATA_MT"}, "rule-action": "include"}, {"rule-type": "selection", "rule-id": "735", "rule-name": "735", "object-locator": {"schema-name": "VSSMGR", "table-name": "VSS_SCHEDULE_TEMPLATE_MZ"}, "rule-action": "include"}, {"rule-type": "selection", "rule-id": "736", "rule-name": "736", "object-locator": {"schema-name": "VSSMGR", "table-name": "MT_DAILY_NOTE"}, "rule-action": "include"}, {"rule-type": "selection", "rule-id": "737", "rule-name": "737", "object-locator": {"schema-name": "VSSMGR", "table-name": "IVS_LOCATION_TYPE_MZ"}, "rule-action": "include"}, {"rule-type": "selection", "rule-id": "738", "rule-name": "738", "object-locator": {"schema-name": "VSSMGR", "table-name": "IVS_LOCATION_MZ"}, "rule-action": "include"}, {"rule-type": "selection", "rule-id": "739", "rule-name": "739", "object-locator": {"schema-name": "VSSMGR", "table-name": "CAS_QRTZ_CRON_TRIGGERS"}, "rule-action": "include"}, {"rule-type": "selection", "rule-id": "740", "rule-name": "740", "object-locator": {"schema-name": "VSSMGR", "table-name": "CAS_QRTZ_PAUSED_TRIGGER_GRPS"}, "rule-action": "include"}, {"rule-type": "selection", "rule-id": "741", "rule-name": "741", "object-locator": {"schema-name": "VSSMGR", "table-name": "CAS_QRTZ_SIMPLE_TRIGGERS"}, "rule-action": "include"}, {"rule-type": "selection", "rule-id": "742", "rule-name": "742", "object-locator": {"schema-name": "VSSMGR", "table-name": "CAS_QRTZ_LOCKS"}, "rule-action": "include"}, {"rule-type": "selection", "rule-id": "743", "rule-name": "743", "object-locator": {"schema-name": "VSSMGR", "table-name": "CAS_QRTZ_SCHEDULER_STATE"}, "rule-action": "include"}, {"rule-type": "selection", "rule-id": "744", "rule-name": "744", "object-locator": {"schema-name": "VSSMGR", "table-name": "CAS_QRTZ_TRIGGER_LISTENERS"}, "rule-action": "include"}, {"rule-type": "selection", "rule-id": "745", "rule-name": "745", "object-locator": {"schema-name": "VSSMGR", "table-name": "CAS_QRTZ_FIRED_TRIGGERS"}, "rule-action": "include"}, {"rule-type": "selection", "rule-id": "746", "rule-name": "746", "object-locator": {"schema-name": "VSSMGR", "table-name": "CAS_QRTZ_JOB_LISTENERS"}, "rule-action": "include"}, {"rule-type": "selection", "rule-id": "747", "rule-name": "747", "object-locator": {"schema-name": "VSSMGR", "table-name": "MZ_VESSEL"}, "rule-action": "include"}, {"rule-type": "selection", "rule-id": "748", "rule-name": "748", "object-locator": {"schema-name": "VSSMGR", "table-name": "MZ_VESSEL_TYPE"}, "rule-action": "include"}, {"rule-type": "selection", "rule-id": "749", "rule-name": "749", "object-locator": {"schema-name": "VSSMGR", "table-name": "MZ_VESSEL_PORT_PROPERTY"}, "rule-action": "include"}, {"rule-type": "selection", "rule-id": "750", "rule-name": "750", "object-locator": {"schema-name": "VSSMGR", "table-name": "VSS_AGENT_VESSEL_ASSIGN_MT"}, "rule-action": "include"}, {"rule-type": "selection", "rule-id": "751", "rule-name": "751", "object-locator": {"schema-name": "VSSMGR", "table-name": "MZ_EVENT_TYPE"}, "rule-action": "include"}, {"rule-type": "selection", "rule-id": "752", "rule-name": "752", "object-locator": {"schema-name": "VSSMGR", "table-name": "ML_VESSEL_NOTE"}, "rule-action": "include"}, {"rule-type": "selection", "rule-id": "753", "rule-name": "753", "object-locator": {"schema-name": "VSSMGR", "table-name": "MZ_PORT"}, "rule-action": "include"}, {"rule-type": "selection", "rule-id": "754", "rule-name": "754", "object-locator": {"schema-name": "VSSMGR", "table-name": "MZ_PORT_PROPERTY"}, "rule-action": "include"}, {"rule-type": "selection", "rule-id": "755", "rule-name": "755", "object-locator": {"schema-name": "VSSMGR", "table-name": "MZ_PORT_EVENT_STATUS"}, "rule-action": "include"}, {"rule-type": "selection", "rule-id": "756", "rule-name": "756", "object-locator": {"schema-name": "VSSMGR", "table-name": "MT_SAVED_SCHEDULE_TRAN"}, "rule-action": "include"}, {"rule-type": "selection", "rule-id": "757", "rule-name": "757", "object-locator": {"schema-name": "VSSMGR", "table-name": "MT_SAVED_SCHEDULE"}, "rule-action": "include"}, {"rule-type": "selection", "rule-id": "758", "rule-name": "758", "object-locator": {"schema-name": "VSSMGR", "table-name": "MT_SAVED_SCHEDULE_DATA"}, "rule-action": "include"}, {"rule-type": "selection", "rule-id": "759", "rule-name": "759", "object-locator": {"schema-name": "VSSMGR", "table-name": "MZ_TRADE_ROUTE"}, "rule-action": "include"}, {"rule-type": "selection", "rule-id": "760", "rule-name": "760", "object-locator": {"schema-name": "VSSMGR", "table-name": "IVS_VVD_CUTOFF_MZ"}, "rule-action": "include"}, {"rule-type": "selection", "rule-id": "761", "rule-name": "761", "object-locator": {"schema-name": "VSSMGR", "table-name": "IVS_ORIG_DEST_MAP_ML"}, "rule-action": "include"}, {"rule-type": "selection", "rule-id": "762", "rule-name": "762", "object-locator": {"schema-name": "VSSMGR", "table-name": "VGM_CUTOFF_MZ"}, "rule-action": "include"}, {"rule-type": "selection", "rule-id": "763", "rule-name": "763", "object-locator": {"schema-name": "VSSMGR", "table-name": "MZ_TERMINAL"}, "rule-action": "include"}, {"rule-type": "selection", "rule-id": "764", "rule-name": "764", "object-locator": {"schema-name": "VSSMGR", "table-name": "MT_USER_PREFS"}, "rule-action": "include"}, {"rule-type": "selection", "rule-id": "765", "rule-name": "765", "object-locator": {"schema-name": "VSSMGR", "table-name": "ACOE_DRAFT"}, "rule-action": "include"}, {"rule-type": "selection", "rule-id": "766", "rule-name": "766", "object-locator": {"schema-name": "VSSMGR", "table-name": "MZ_VVD_PDF_FORMAT"}, "rule-action": "include"}, {"rule-type": "selection", "rule-id": "767", "rule-name": "767", "object-locator": {"schema-name": "VSSMGR", "table-name": "IVS_CUTOFF_MZ"}, "rule-action": "include"}]}