{"rules": [{"rule-type": "selection", "rule-id": "489", "rule-name": "489", "object-locator": {"schema-name": "OCEAN_GUIMGR2", "table-name": "JBM_USER"}, "rule-action": "include"}, {"rule-type": "selection", "rule-id": "490", "rule-name": "490", "object-locator": {"schema-name": "OCEAN_GUIMGR2", "table-name": "JBM_ROLE"}, "rule-action": "include"}, {"rule-type": "selection", "rule-id": "491", "rule-name": "491", "object-locator": {"schema-name": "OCEAN_GUIMGR2", "table-name": "JBM_COUNTER"}, "rule-action": "include"}, {"rule-type": "selection", "rule-id": "492", "rule-name": "492", "object-locator": {"schema-name": "OCEAN_GUIMGR2", "table-name": "JBM_POSTOFFICE"}, "rule-action": "include"}, {"rule-type": "selection", "rule-id": "493", "rule-name": "493", "object-locator": {"schema-name": "OCEAN_GUIMGR2", "table-name": "JBM_DUAL"}, "rule-action": "include"}, {"rule-type": "selection", "rule-id": "494", "rule-name": "494", "object-locator": {"schema-name": "OCEAN_GUIMGR2", "table-name": "JBM_TX_EX"}, "rule-action": "include"}, {"rule-type": "selection", "rule-id": "495", "rule-name": "495", "object-locator": {"schema-name": "OCEAN_GUIMGR2", "table-name": "JBM_MSG_REF"}, "rule-action": "include"}, {"rule-type": "selection", "rule-id": "496", "rule-name": "496", "object-locator": {"schema-name": "OCEAN_GUIMGR2", "table-name": "JBM_ID_CACHE"}, "rule-action": "include"}, {"rule-type": "selection", "rule-id": "497", "rule-name": "497", "object-locator": {"schema-name": "OCEAN_GUIMGR2", "table-name": "HILOSEQUENCES"}, "rule-action": "include"}, {"rule-type": "selection", "rule-id": "498", "rule-name": "498", "object-locator": {"schema-name": "OCEAN_GUIMGR2", "table-name": "JBM_CLUSTER"}, "rule-action": "include"}]}