{"rules": [{"rule-type": "selection", "rule-id": "499", "rule-name": "499", "object-locator": {"schema-name": "VCSCMGR", "table-name": "ITGBL_LOCATION_MZ"}, "rule-action": "include"}, {"rule-type": "selection", "rule-id": "500", "rule-name": "500", "object-locator": {"schema-name": "VCSCMGR", "table-name": "ITGBL_LINE_HAUL_RATE_MZ"}, "rule-action": "include"}, {"rule-type": "selection", "rule-id": "501", "rule-name": "501", "object-locator": {"schema-name": "VCSCMGR", "table-name": "CHAS_CHASSIS_MT"}, "rule-action": "include"}, {"rule-type": "selection", "rule-id": "502", "rule-name": "502", "object-locator": {"schema-name": "VCSCMGR", "table-name": "CHAS_CHASSIS_STATUS_MZ"}, "rule-action": "include"}, {"rule-type": "selection", "rule-id": "503", "rule-name": "503", "object-locator": {"schema-name": "VCSCMGR", "table-name": "ML_WEB_BOOKING"}, "rule-action": "include"}, {"rule-type": "selection", "rule-id": "504", "rule-name": "504", "object-locator": {"schema-name": "VCSCMGR", "table-name": "ML_WEB_FREIGHT_BILL"}, "rule-action": "include"}, {"rule-type": "selection", "rule-id": "505", "rule-name": "505", "object-locator": {"schema-name": "VCSCMGR", "table-name": "ML_WEB_RECEIVE_FREIGHT"}, "rule-action": "include"}, {"rule-type": "selection", "rule-id": "506", "rule-name": "506", "object-locator": {"schema-name": "VCSCMGR", "table-name": "CAS_VESSEL_ROUTE_MZ"}, "rule-action": "include"}, {"rule-type": "selection", "rule-id": "507", "rule-name": "507", "object-locator": {"schema-name": "VCSCMGR", "table-name": "CAS_VESSEL_ROUTE_CONDITION_MZ"}, "rule-action": "include"}, {"rule-type": "selection", "rule-id": "508", "rule-name": "508", "object-locator": {"schema-name": "VCSCMGR", "table-name": "CAS_VESSEL_HOLIDAY_MZ"}, "rule-action": "include"}, {"rule-type": "selection", "rule-id": "509", "rule-name": "509", "object-locator": {"schema-name": "VCSCMGR", "table-name": "CAS_VESSEL_OTR_MZ"}, "rule-action": "include"}, {"rule-type": "selection", "rule-id": "510", "rule-name": "510", "object-locator": {"schema-name": "VCSCMGR", "table-name": "CUST_INFO_2"}, "rule-action": "include"}, {"rule-type": "selection", "rule-id": "511", "rule-name": "511", "object-locator": {"schema-name": "VCSCMGR", "table-name": "CUST_INFO_1"}, "rule-action": "include"}, {"rule-type": "selection", "rule-id": "512", "rule-name": "512", "object-locator": {"schema-name": "VCSCMGR", "table-name": "MZ_HHG_CALC_LOCATION"}, "rule-action": "include"}, {"rule-type": "selection", "rule-id": "513", "rule-name": "513", "object-locator": {"schema-name": "VCSCMGR", "table-name": "MZ_HHGP_CALC_LOCATION"}, "rule-action": "include"}, {"rule-type": "selection", "rule-id": "514", "rule-name": "514", "object-locator": {"schema-name": "VCSCMGR", "table-name": "MZ_HHGP_CALC_CONTAINER_TYPE"}, "rule-action": "include"}, {"rule-type": "selection", "rule-id": "515", "rule-name": "515", "object-locator": {"schema-name": "VCSCMGR", "table-name": "MZ_HHG_CALC_CONTAINER_TYPE"}, "rule-action": "include"}, {"rule-type": "selection", "rule-id": "516", "rule-name": "516", "object-locator": {"schema-name": "VCSCMGR", "table-name": "MT_ADDRESS_ROLE"}, "rule-action": "include"}, {"rule-type": "selection", "rule-id": "517", "rule-name": "517", "object-locator": {"schema-name": "VCSCMGR", "table-name": "VCSC_PREFERENCE_TYPE_MZ"}, "rule-action": "include"}, {"rule-type": "selection", "rule-id": "518", "rule-name": "518", "object-locator": {"schema-name": "VCSCMGR", "table-name": "VCSC_PORT_SCHEDULE"}, "rule-action": "include"}, {"rule-type": "selection", "rule-id": "519", "rule-name": "519", "object-locator": {"schema-name": "VCSCMGR", "table-name": "VCSC_PORT_SCHEDULE_CUTOFF"}, "rule-action": "include"}, {"rule-type": "selection", "rule-id": "520", "rule-name": "520", "object-locator": {"schema-name": "VCSCMGR", "table-name": "VCSC_POV_OVERSIZE_RULES_MT"}, "rule-action": "include"}, {"rule-type": "selection", "rule-id": "521", "rule-name": "521", "object-locator": {"schema-name": "VCSCMGR", "table-name": "VCSC_PORT_TIMEZONE_MZ"}, "rule-action": "include"}, {"rule-type": "selection", "rule-id": "522", "rule-name": "522", "object-locator": {"schema-name": "VCSCMGR", "table-name": "MZ_WEB_EVENT"}, "rule-action": "include"}, {"rule-type": "selection", "rule-id": "523", "rule-name": "523", "object-locator": {"schema-name": "VCSCMGR", "table-name": "VCSC_LOCATION_AUTHORIZATION_MT"}, "rule-action": "include"}, {"rule-type": "selection", "rule-id": "524", "rule-name": "524", "object-locator": {"schema-name": "VCSCMGR", "table-name": "MT_EQUIPMENT_LOG"}, "rule-action": "include"}, {"rule-type": "selection", "rule-id": "525", "rule-name": "525", "object-locator": {"schema-name": "VCSCMGR", "table-name": "MT_EQUIPMENT_REQUIREMENT"}, "rule-action": "include"}, {"rule-type": "selection", "rule-id": "526", "rule-name": "526", "object-locator": {"schema-name": "VCSCMGR", "table-name": "MT_HHG_CALC_RULE"}, "rule-action": "include"}, {"rule-type": "selection", "rule-id": "527", "rule-name": "527", "object-locator": {"schema-name": "VCSCMGR", "table-name": "MT_HHGP_CALC_RULE"}, "rule-action": "include"}, {"rule-type": "selection", "rule-id": "528", "rule-name": "528", "object-locator": {"schema-name": "VCSCMGR", "table-name": "CAS_QRTZ_LOCKS"}, "rule-action": "include"}, {"rule-type": "selection", "rule-id": "529", "rule-name": "529", "object-locator": {"schema-name": "VCSCMGR", "table-name": "CAS_QRTZ_JOB_LISTENERS"}, "rule-action": "include"}, {"rule-type": "selection", "rule-id": "530", "rule-name": "530", "object-locator": {"schema-name": "VCSCMGR", "table-name": "CAS_QRTZ_SIMPLE_TRIGGERS"}, "rule-action": "include"}, {"rule-type": "selection", "rule-id": "531", "rule-name": "531", "object-locator": {"schema-name": "VCSCMGR", "table-name": "CAS_QRTZ_SCHEDULER_STATE"}, "rule-action": "include"}, {"rule-type": "selection", "rule-id": "532", "rule-name": "532", "object-locator": {"schema-name": "VCSCMGR", "table-name": "CAS_QRTZ_FIRED_TRIGGERS"}, "rule-action": "include"}, {"rule-type": "selection", "rule-id": "533", "rule-name": "533", "object-locator": {"schema-name": "VCSCMGR", "table-name": "CAS_QRTZ_TRIGGER_LISTENERS"}, "rule-action": "include"}, {"rule-type": "selection", "rule-id": "534", "rule-name": "534", "object-locator": {"schema-name": "VCSCMGR", "table-name": "CAS_QRTZ_PAUSED_TRIGGER_GRPS"}, "rule-action": "include"}, {"rule-type": "selection", "rule-id": "535", "rule-name": "535", "object-locator": {"schema-name": "VCSCMGR", "table-name": "CAS_QRTZ_CRON_TRIGGERS"}, "rule-action": "include"}, {"rule-type": "selection", "rule-id": "536", "rule-name": "536", "object-locator": {"schema-name": "VCSCMGR", "table-name": "NOA_INBOUND_LOCATION_MZ"}, "rule-action": "include"}, {"rule-type": "selection", "rule-id": "537", "rule-name": "537", "object-locator": {"schema-name": "VCSCMGR", "table-name": "SALES_TERRITORY_1"}, "rule-action": "include"}, {"rule-type": "selection", "rule-id": "538", "rule-name": "538", "object-locator": {"schema-name": "VCSCMGR", "table-name": "SALES_REGION_2"}, "rule-action": "include"}, {"rule-type": "selection", "rule-id": "539", "rule-name": "539", "object-locator": {"schema-name": "VCSCMGR", "table-name": "SALES_TERRITORY_2"}, "rule-action": "include"}, {"rule-type": "selection", "rule-id": "540", "rule-name": "540", "object-locator": {"schema-name": "VCSCMGR", "table-name": "SALES_REGION_1"}, "rule-action": "include"}, {"rule-type": "selection", "rule-id": "541", "rule-name": "541", "object-locator": {"schema-name": "VCSCMGR", "table-name": "MZ_ORGANIZATION"}, "rule-action": "include"}, {"rule-type": "selection", "rule-id": "542", "rule-name": "542", "object-locator": {"schema-name": "VCSCMGR", "table-name": "MZ_ORGANIZATION_VFRI"}, "rule-action": "include"}, {"rule-type": "selection", "rule-id": "543", "rule-name": "543", "object-locator": {"schema-name": "VCSCMGR", "table-name": "ML_HHG_GBL_REF"}, "rule-action": "include"}, {"rule-type": "selection", "rule-id": "544", "rule-name": "544", "object-locator": {"schema-name": "VCSCMGR", "table-name": "UNBILLED_CARGO"}, "rule-action": "include"}, {"rule-type": "selection", "rule-id": "545", "rule-name": "545", "object-locator": {"schema-name": "VCSCMGR", "table-name": "APPLICATION_PARAMETERS"}, "rule-action": "include"}, {"rule-type": "selection", "rule-id": "546", "rule-name": "546", "object-locator": {"schema-name": "VCSCMGR", "table-name": "CONTAINER_TRACK_USER_ACCESS"}, "rule-action": "include"}, {"rule-type": "selection", "rule-id": "547", "rule-name": "547", "object-locator": {"schema-name": "VCSCMGR", "table-name": "VCSC_TEMPLATE_WEIGHT_MT"}, "rule-action": "include"}, {"rule-type": "selection", "rule-id": "548", "rule-name": "548", "object-locator": {"schema-name": "VCSCMGR", "table-name": "VCSC_TC_DOC_INDEX_MT"}, "rule-action": "include"}, {"rule-type": "selection", "rule-id": "549", "rule-name": "549", "object-locator": {"schema-name": "VCSCMGR", "table-name": "VCSC_TC_AGREEMENT_MT"}, "rule-action": "include"}, {"rule-type": "selection", "rule-id": "550", "rule-name": "550", "object-locator": {"schema-name": "VCSCMGR", "table-name": "NEQ_CITY_1"}, "rule-action": "include"}, {"rule-type": "selection", "rule-id": "551", "rule-name": "551", "object-locator": {"schema-name": "VCSCMGR", "table-name": "NEQ_CITY_2"}, "rule-action": "include"}, {"rule-type": "selection", "rule-id": "552", "rule-name": "552", "object-locator": {"schema-name": "VCSCMGR", "table-name": "MZ_VESSEL_ARRIVAL_HIST"}, "rule-action": "include"}, {"rule-type": "selection", "rule-id": "553", "rule-name": "553", "object-locator": {"schema-name": "VCSCMGR", "table-name": "MZ_ITINERARY_VESSEL"}, "rule-action": "include"}, {"rule-type": "selection", "rule-id": "554", "rule-name": "554", "object-locator": {"schema-name": "VCSCMGR", "table-name": "MT_FREIGHT_BILL_REFERENCE"}, "rule-action": "include"}, {"rule-type": "selection", "rule-id": "555", "rule-name": "555", "object-locator": {"schema-name": "VCSCMGR", "table-name": "MT_FREIGHT_BILL_PARTY"}, "rule-action": "include"}, {"rule-type": "selection", "rule-id": "556", "rule-name": "556", "object-locator": {"schema-name": "VCSCMGR", "table-name": "MT_FREIGHT_BILL"}, "rule-action": "include"}, {"rule-type": "selection", "rule-id": "557", "rule-name": "557", "object-locator": {"schema-name": "VCSCMGR", "table-name": "WEB_BOOKING_TEMPLATE_2"}, "rule-action": "include"}, {"rule-type": "selection", "rule-id": "558", "rule-name": "558", "object-locator": {"schema-name": "VCSCMGR", "table-name": "WEB_BOOKING_TEMPLATE_1"}, "rule-action": "include"}, {"rule-type": "selection", "rule-id": "559", "rule-name": "559", "object-locator": {"schema-name": "VCSCMGR", "table-name": "VCSC_EXTERNAL_MESSAGE"}, "rule-action": "include"}, {"rule-type": "selection", "rule-id": "560", "rule-name": "560", "object-locator": {"schema-name": "VCSCMGR", "table-name": "VCSC_EXCLUSIVE_ATTRIBUTE"}, "rule-action": "include"}, {"rule-type": "selection", "rule-id": "561", "rule-name": "561", "object-locator": {"schema-name": "VCSCMGR", "table-name": "VCSC_MILITARY_STOP_MT"}, "rule-action": "include"}, {"rule-type": "selection", "rule-id": "562", "rule-name": "562", "object-locator": {"schema-name": "VCSCMGR", "table-name": "VCSC_MILITARY_RESERVATION_MT"}, "rule-action": "include"}, {"rule-type": "selection", "rule-id": "563", "rule-name": "563", "object-locator": {"schema-name": "VCSCMGR", "table-name": "VCSC_MESSAGE_LOG"}, "rule-action": "include"}, {"rule-type": "selection", "rule-id": "564", "rule-name": "564", "object-locator": {"schema-name": "VCSCMGR", "table-name": "LDP_RULE"}, "rule-action": "include"}, {"rule-type": "selection", "rule-id": "565", "rule-name": "565", "object-locator": {"schema-name": "VCSCMGR", "table-name": "MT_PROCESS_LOG"}, "rule-action": "include"}, {"rule-type": "selection", "rule-id": "566", "rule-name": "566", "object-locator": {"schema-name": "VCSCMGR", "table-name": "MT_PROCESS_LOG_DETAIL"}, "rule-action": "include"}, {"rule-type": "selection", "rule-id": "567", "rule-name": "567", "object-locator": {"schema-name": "VCSCMGR", "table-name": "CP_TYPE_TRANSLATE_2"}, "rule-action": "include"}, {"rule-type": "selection", "rule-id": "568", "rule-name": "568", "object-locator": {"schema-name": "VCSCMGR", "table-name": "CP_TYPE_TRANSLATE_1"}, "rule-action": "include"}, {"rule-type": "selection", "rule-id": "569", "rule-name": "569", "object-locator": {"schema-name": "VCSCMGR", "table-name": "MZ_NOA_DESTINATION"}, "rule-action": "include"}, {"rule-type": "selection", "rule-id": "570", "rule-name": "570", "object-locator": {"schema-name": "VCSCMGR", "table-name": "STATE_CODE_1"}, "rule-action": "include"}, {"rule-type": "selection", "rule-id": "571", "rule-name": "571", "object-locator": {"schema-name": "VCSCMGR", "table-name": "STATE_CODE_2"}, "rule-action": "include"}, {"rule-type": "selection", "rule-id": "572", "rule-name": "572", "object-locator": {"schema-name": "VCSCMGR", "table-name": "ZIP_CODE_2"}, "rule-action": "include"}, {"rule-type": "selection", "rule-id": "573", "rule-name": "573", "object-locator": {"schema-name": "VCSCMGR", "table-name": "ZIP_CODE_1"}, "rule-action": "include"}, {"rule-type": "selection", "rule-id": "574", "rule-name": "574", "object-locator": {"schema-name": "VCSCMGR", "table-name": "ICUS_ORGANIZATION_2"}, "rule-action": "include"}, {"rule-type": "selection", "rule-id": "575", "rule-name": "575", "object-locator": {"schema-name": "VCSCMGR", "table-name": "ICUS_ORGANIZATION_1"}, "rule-action": "include"}, {"rule-type": "selection", "rule-id": "576", "rule-name": "576", "object-locator": {"schema-name": "VCSCMGR", "table-name": "VCSC_USER_ROLE"}, "rule-action": "include"}, {"rule-type": "selection", "rule-id": "577", "rule-name": "577", "object-locator": {"schema-name": "VCSCMGR", "table-name": "MZ_TRADE"}, "rule-action": "include"}, {"rule-type": "selection", "rule-id": "578", "rule-name": "578", "object-locator": {"schema-name": "VCSCMGR", "table-name": "POV_PORT_RULES_ML"}, "rule-action": "include"}, {"rule-type": "selection", "rule-id": "579", "rule-name": "579", "object-locator": {"schema-name": "VCSCMGR", "table-name": "BL_INDEX_STATUS"}, "rule-action": "include"}, {"rule-type": "selection", "rule-id": "580", "rule-name": "580", "object-locator": {"schema-name": "VCSCMGR", "table-name": "BL_INDEX"}, "rule-action": "include"}, {"rule-type": "selection", "rule-id": "581", "rule-name": "581", "object-locator": {"schema-name": "VCSCMGR", "table-name": "VCSC_CUSTOMER_PREFERENCE_MT"}, "rule-action": "include"}, {"rule-type": "selection", "rule-id": "582", "rule-name": "582", "object-locator": {"schema-name": "VCSCMGR", "table-name": "VCSC_CSR_HOLIDAY_NOTIFY_MT"}, "rule-action": "include"}, {"rule-type": "selection", "rule-id": "583", "rule-name": "583", "object-locator": {"schema-name": "VCSCMGR", "table-name": "VCSC_CUSTOMER_ADDRESS_MT"}, "rule-action": "include"}, {"rule-type": "selection", "rule-id": "584", "rule-name": "584", "object-locator": {"schema-name": "VCSCMGR", "table-name": "VCSC_CUSTOMER_PROFILE_FEED_MT"}, "rule-action": "include"}, {"rule-type": "selection", "rule-id": "585", "rule-name": "585", "object-locator": {"schema-name": "VCSCMGR", "table-name": "RAIL_RAMP_SCHEDULE_CUTOFF"}, "rule-action": "include"}, {"rule-type": "selection", "rule-id": "586", "rule-name": "586", "object-locator": {"schema-name": "VCSCMGR", "table-name": "POV_CUTOFF_RULES_ML"}, "rule-action": "include"}, {"rule-type": "selection", "rule-id": "587", "rule-name": "587", "object-locator": {"schema-name": "VCSCMGR", "table-name": "POV_CUSTOMER_MT"}, "rule-action": "include"}, {"rule-type": "selection", "rule-id": "588", "rule-name": "588", "object-locator": {"schema-name": "VCSCMGR", "table-name": "WEBID_AUTHORIZATION"}, "rule-action": "include"}, {"rule-type": "selection", "rule-id": "589", "rule-name": "589", "object-locator": {"schema-name": "VCSCMGR", "table-name": "VISTA_2"}, "rule-action": "include"}, {"rule-type": "selection", "rule-id": "590", "rule-name": "590", "object-locator": {"schema-name": "VCSCMGR", "table-name": "VISTA_1"}, "rule-action": "include"}, {"rule-type": "selection", "rule-id": "591", "rule-name": "591", "object-locator": {"schema-name": "VCSCMGR", "table-name": "MT_LOAD_ERROR"}, "rule-action": "include"}, {"rule-type": "selection", "rule-id": "592", "rule-name": "592", "object-locator": {"schema-name": "VCSCMGR", "table-name": "MT_LOAD_ERROR_KEY"}, "rule-action": "include"}, {"rule-type": "selection", "rule-id": "593", "rule-name": "593", "object-locator": {"schema-name": "VCSCMGR", "table-name": "MT_LOAD_STATISTICS"}, "rule-action": "include"}, {"rule-type": "selection", "rule-id": "594", "rule-name": "594", "object-locator": {"schema-name": "VCSCMGR", "table-name": "MTRACK_CONFIG_MT"}, "rule-action": "include"}, {"rule-type": "selection", "rule-id": "595", "rule-name": "595", "object-locator": {"schema-name": "VCSCMGR", "table-name": "POV_RATE_MZ"}, "rule-action": "include"}, {"rule-type": "selection", "rule-id": "596", "rule-name": "596", "object-locator": {"schema-name": "VCSCMGR", "table-name": "WEB_SHIPMENT_INFO_1"}, "rule-action": "include"}, {"rule-type": "selection", "rule-id": "597", "rule-name": "597", "object-locator": {"schema-name": "VCSCMGR", "table-name": "WEB_SHIPMENT_INFO_2"}, "rule-action": "include"}, {"rule-type": "selection", "rule-id": "598", "rule-name": "598", "object-locator": {"schema-name": "VCSCMGR", "table-name": "USER_PROFILE"}, "rule-action": "include"}, {"rule-type": "selection", "rule-id": "599", "rule-name": "599", "object-locator": {"schema-name": "VCSCMGR", "table-name": "VCSC_SPOT_REQUIREMENT_MT"}, "rule-action": "include"}, {"rule-type": "selection", "rule-id": "600", "rule-name": "600", "object-locator": {"schema-name": "VCSCMGR", "table-name": "MZ_EVENT"}, "rule-action": "include"}, {"rule-type": "selection", "rule-id": "601", "rule-name": "601", "object-locator": {"schema-name": "VCSCMGR", "table-name": "VCSC_BOOKING_REQUEST_MT"}, "rule-action": "include"}, {"rule-type": "selection", "rule-id": "602", "rule-name": "602", "object-locator": {"schema-name": "VCSCMGR", "table-name": "VCSC_BILLED_CONTAINER_MT"}, "rule-action": "include"}, {"rule-type": "selection", "rule-id": "603", "rule-name": "603", "object-locator": {"schema-name": "VCSCMGR", "table-name": "MT_DOWN_SCHEDULE"}, "rule-action": "include"}, {"rule-type": "selection", "rule-id": "604", "rule-name": "604", "object-locator": {"schema-name": "VCSCMGR", "table-name": "LOAD_DISC_SVC_PAIR_2"}, "rule-action": "include"}, {"rule-type": "selection", "rule-id": "605", "rule-name": "605", "object-locator": {"schema-name": "VCSCMGR", "table-name": "LOAD_DISC_SVC_PAIR_1"}, "rule-action": "include"}, {"rule-type": "selection", "rule-id": "606", "rule-name": "606", "object-locator": {"schema-name": "VCSCMGR", "table-name": "LOAD_DSCH_SVC_TYPE_2"}, "rule-action": "include"}, {"rule-type": "selection", "rule-id": "607", "rule-name": "607", "object-locator": {"schema-name": "VCSCMGR", "table-name": "LOAD_DSCH_SVC_TYPE_1"}, "rule-action": "include"}, {"rule-type": "selection", "rule-id": "608", "rule-name": "608", "object-locator": {"schema-name": "VCSCMGR", "table-name": "MZ_CONTAINER_TRACK_HIST"}, "rule-action": "include"}, {"rule-type": "selection", "rule-id": "609", "rule-name": "609", "object-locator": {"schema-name": "VCSCMGR", "table-name": "MZ_CONTAINER"}, "rule-action": "include"}, {"rule-type": "selection", "rule-id": "610", "rule-name": "610", "object-locator": {"schema-name": "VCSCMGR", "table-name": "POV_REF_DATA_ML"}, "rule-action": "include"}, {"rule-type": "selection", "rule-id": "611", "rule-name": "611", "object-locator": {"schema-name": "VCSCMGR", "table-name": "ML_MULTI_TRADE"}, "rule-action": "include"}, {"rule-type": "selection", "rule-id": "612", "rule-name": "612", "object-locator": {"schema-name": "VCSCMGR", "table-name": "MZ_ETA_ROUTING"}, "rule-action": "include"}, {"rule-type": "selection", "rule-id": "613", "rule-name": "613", "object-locator": {"schema-name": "VCSCMGR", "table-name": "MZ_ETA_ROUTING_HIST"}, "rule-action": "include"}, {"rule-type": "selection", "rule-id": "614", "rule-name": "614", "object-locator": {"schema-name": "VCSCMGR", "table-name": "MZ_ETA_ROUTING_EVENT"}, "rule-action": "include"}, {"rule-type": "selection", "rule-id": "615", "rule-name": "615", "object-locator": {"schema-name": "VCSCMGR", "table-name": "VCSC_ORIGINAL_BOL_HISTORY_MT"}, "rule-action": "include"}, {"rule-type": "selection", "rule-id": "616", "rule-name": "616", "object-locator": {"schema-name": "VCSCMGR", "table-name": "VCSC_ORGANIZATION_FEED_MT"}, "rule-action": "include"}, {"rule-type": "selection", "rule-id": "617", "rule-name": "617", "object-locator": {"schema-name": "VCSCMGR", "table-name": "MT_CUSTOMER"}, "rule-action": "include"}, {"rule-type": "selection", "rule-id": "618", "rule-name": "618", "object-locator": {"schema-name": "VCSCMGR", "table-name": "MT_ORGANIZATION_ADDRESS"}, "rule-action": "include"}, {"rule-type": "selection", "rule-id": "619", "rule-name": "619", "object-locator": {"schema-name": "VCSCMGR", "table-name": "MT_ORG_TYPE_MEMBERSHIP"}, "rule-action": "include"}, {"rule-type": "selection", "rule-id": "620", "rule-name": "620", "object-locator": {"schema-name": "VCSCMGR", "table-name": "MT_RECEIVE_FREIGHT_COMMODITY"}, "rule-action": "include"}, {"rule-type": "selection", "rule-id": "621", "rule-name": "621", "object-locator": {"schema-name": "VCSCMGR", "table-name": "MT_RECEIVE_FREIGHT"}, "rule-action": "include"}, {"rule-type": "selection", "rule-id": "622", "rule-name": "622", "object-locator": {"schema-name": "VCSCMGR", "table-name": "MT_RECEIVE_FREIGHT_REFERENCE"}, "rule-action": "include"}, {"rule-type": "selection", "rule-id": "623", "rule-name": "623", "object-locator": {"schema-name": "VCSCMGR", "table-name": "MT_RECEIVE_FREIGHT_PARTY"}, "rule-action": "include"}, {"rule-type": "selection", "rule-id": "624", "rule-name": "624", "object-locator": {"schema-name": "VCSCMGR", "table-name": "CUSTOMER_ACCESS"}, "rule-action": "include"}, {"rule-type": "selection", "rule-id": "625", "rule-name": "625", "object-locator": {"schema-name": "VCSCMGR", "table-name": "PF_VVD_ITN_EXCEPTION"}, "rule-action": "include"}, {"rule-type": "selection", "rule-id": "626", "rule-name": "626", "object-locator": {"schema-name": "VCSCMGR", "table-name": "PF_VVD_ITN_MATSON_1"}, "rule-action": "include"}, {"rule-type": "selection", "rule-id": "627", "rule-name": "627", "object-locator": {"schema-name": "VCSCMGR", "table-name": "PF_VVD_PDF_FORMAT"}, "rule-action": "include"}, {"rule-type": "selection", "rule-id": "628", "rule-name": "628", "object-locator": {"schema-name": "VCSCMGR", "table-name": "PF_VVD_ITN_MATSON_2"}, "rule-action": "include"}, {"rule-type": "selection", "rule-id": "629", "rule-name": "629", "object-locator": {"schema-name": "VCSCMGR", "table-name": "PF_VVD_ITN_THDPTY"}, "rule-action": "include"}, {"rule-type": "selection", "rule-id": "630", "rule-name": "630", "object-locator": {"schema-name": "VCSCMGR", "table-name": "CSR_GROUP_2"}, "rule-action": "include"}, {"rule-type": "selection", "rule-id": "631", "rule-name": "631", "object-locator": {"schema-name": "VCSCMGR", "table-name": "CSR_GROUP_1"}, "rule-action": "include"}, {"rule-type": "selection", "rule-id": "632", "rule-name": "632", "object-locator": {"schema-name": "VCSCMGR", "table-name": "CHAS_MESSAGE_ARCHIVE_MT"}, "rule-action": "include"}, {"rule-type": "selection", "rule-id": "633", "rule-name": "633", "object-locator": {"schema-name": "VCSCMGR", "table-name": "CHAS_DEPOT_EMAIL_MT"}, "rule-action": "include"}, {"rule-type": "selection", "rule-id": "634", "rule-name": "634", "object-locator": {"schema-name": "VCSCMGR", "table-name": "VCSC_FUNCTION"}, "rule-action": "include"}, {"rule-type": "selection", "rule-id": "635", "rule-name": "635", "object-locator": {"schema-name": "VCSCMGR", "table-name": "MT_TASK"}, "rule-action": "include"}, {"rule-type": "selection", "rule-id": "636", "rule-name": "636", "object-locator": {"schema-name": "VCSCMGR", "table-name": "MZ_CARRIER"}, "rule-action": "include"}, {"rule-type": "selection", "rule-id": "637", "rule-name": "637", "object-locator": {"schema-name": "VCSCMGR", "table-name": "ML_ADDITIONAL_ROLES"}, "rule-action": "include"}, {"rule-type": "selection", "rule-id": "638", "rule-name": "638", "object-locator": {"schema-name": "VCSCMGR", "table-name": "POV_MT"}, "rule-action": "include"}, {"rule-type": "selection", "rule-id": "639", "rule-name": "639", "object-locator": {"schema-name": "VCSCMGR", "table-name": "VCSC_AUDIENCE_MESSAGE"}, "rule-action": "include"}, {"rule-type": "selection", "rule-id": "640", "rule-name": "640", "object-locator": {"schema-name": "VCSCMGR", "table-name": "VCSC_AUDIENCE"}, "rule-action": "include"}, {"rule-type": "selection", "rule-id": "641", "rule-name": "641", "object-locator": {"schema-name": "VCSCMGR", "table-name": "VCSC_ACCESS_ROLE_ATTRIB"}, "rule-action": "include"}, {"rule-type": "selection", "rule-id": "642", "rule-name": "642", "object-locator": {"schema-name": "VCSCMGR", "table-name": "MT_BOOKING_REFERENCE"}, "rule-action": "include"}, {"rule-type": "selection", "rule-id": "643", "rule-name": "643", "object-locator": {"schema-name": "VCSCMGR", "table-name": "MT_BOOKING_PARTY"}, "rule-action": "include"}, {"rule-type": "selection", "rule-id": "644", "rule-name": "644", "object-locator": {"schema-name": "VCSCMGR", "table-name": "MT_BOOKING"}, "rule-action": "include"}, {"rule-type": "selection", "rule-id": "645", "rule-name": "645", "object-locator": {"schema-name": "VCSCMGR", "table-name": "MT_BOOKING_COMMODITY"}, "rule-action": "include"}, {"rule-type": "selection", "rule-id": "646", "rule-name": "646", "object-locator": {"schema-name": "VCSCMGR", "table-name": "POV_OVERSIZED_ML"}, "rule-action": "include"}, {"rule-type": "selection", "rule-id": "647", "rule-name": "647", "object-locator": {"schema-name": "VCSCMGR", "table-name": "MT_SUB_SCHEDULE"}, "rule-action": "include"}, {"rule-type": "selection", "rule-id": "648", "rule-name": "648", "object-locator": {"schema-name": "VCSCMGR", "table-name": "MT_SUB_TASK"}, "rule-action": "include"}, {"rule-type": "selection", "rule-id": "649", "rule-name": "649", "object-locator": {"schema-name": "VCSCMGR", "table-name": "SWITCH_TABLE_NAMES"}, "rule-action": "include"}, {"rule-type": "selection", "rule-id": "650", "rule-name": "650", "object-locator": {"schema-name": "VCSCMGR", "table-name": "SFA_REF_DATA_ML"}, "rule-action": "include"}, {"rule-type": "selection", "rule-id": "651", "rule-name": "651", "object-locator": {"schema-name": "VCSCMGR", "table-name": "POV_BLACKLIST_ZIP_CODE_MZ"}, "rule-action": "include"}, {"rule-type": "selection", "rule-id": "652", "rule-name": "652", "object-locator": {"schema-name": "VCSCMGR", "table-name": "CHAS_POOL_CHASSIS_MZ"}, "rule-action": "include"}, {"rule-type": "selection", "rule-id": "653", "rule-name": "653", "object-locator": {"schema-name": "VCSCMGR", "table-name": "MT_TRADE_OVERRIDE"}, "rule-action": "include"}, {"rule-type": "selection", "rule-id": "654", "rule-name": "654", "object-locator": {"schema-name": "VCSCMGR", "table-name": "ICUS_TRADE_2"}, "rule-action": "include"}, {"rule-type": "selection", "rule-id": "655", "rule-name": "655", "object-locator": {"schema-name": "VCSCMGR", "table-name": "ICUS_TRADE_1"}, "rule-action": "include"}, {"rule-type": "selection", "rule-id": "656", "rule-name": "656", "object-locator": {"schema-name": "VCSCMGR", "table-name": "CHAS_EXCLUSION_MT"}, "rule-action": "include"}, {"rule-type": "selection", "rule-id": "657", "rule-name": "657", "object-locator": {"schema-name": "VCSCMGR", "table-name": "CHAS_REF_DATA_MZ"}, "rule-action": "include"}, {"rule-type": "selection", "rule-id": "658", "rule-name": "658", "object-locator": {"schema-name": "VCSCMGR", "table-name": "MT_SCHEDULE"}, "rule-action": "include"}, {"rule-type": "selection", "rule-id": "659", "rule-name": "659", "object-locator": {"schema-name": "VCSCMGR", "table-name": "CHAS_FREE_DAY_SCHE_MZ"}, "rule-action": "include"}, {"rule-type": "selection", "rule-id": "660", "rule-name": "660", "object-locator": {"schema-name": "VCSCMGR", "table-name": "VCSC_WEB_SPECIAL_SERVICE"}, "rule-action": "include"}, {"rule-type": "selection", "rule-id": "661", "rule-name": "661", "object-locator": {"schema-name": "VCSCMGR", "table-name": "MT_NOA_LOG"}, "rule-action": "include"}, {"rule-type": "selection", "rule-id": "662", "rule-name": "662", "object-locator": {"schema-name": "VCSCMGR", "table-name": "MZ_CUSTOMS_IMPORT"}, "rule-action": "include"}, {"rule-type": "selection", "rule-id": "663", "rule-name": "663", "object-locator": {"schema-name": "VCSCMGR", "table-name": "MZ_CUSTOMS_RELEASE"}, "rule-action": "include"}, {"rule-type": "selection", "rule-id": "664", "rule-name": "664", "object-locator": {"schema-name": "VCSCMGR", "table-name": "FREC_SUMMARY_1"}, "rule-action": "include"}, {"rule-type": "selection", "rule-id": "665", "rule-name": "665", "object-locator": {"schema-name": "VCSCMGR", "table-name": "FREC_SUMMARY_2"}, "rule-action": "include"}, {"rule-type": "selection", "rule-id": "666", "rule-name": "666", "object-locator": {"schema-name": "VCSCMGR", "table-name": "MT_MILITARY_BOOKING"}, "rule-action": "include"}, {"rule-type": "selection", "rule-id": "667", "rule-name": "667", "object-locator": {"schema-name": "VCSCMGR", "table-name": "MT_MILITARY_BOOKING_STOP_MT"}, "rule-action": "include"}, {"rule-type": "selection", "rule-id": "668", "rule-name": "668", "object-locator": {"schema-name": "VCSCMGR", "table-name": "ICUS_FSUM_AROL_LNK_1"}, "rule-action": "include"}, {"rule-type": "selection", "rule-id": "669", "rule-name": "669", "object-locator": {"schema-name": "VCSCMGR", "table-name": "ICUS_FSUM_AROL_LNK_2"}, "rule-action": "include"}, {"rule-type": "selection", "rule-id": "670", "rule-name": "670", "object-locator": {"schema-name": "VCSCMGR", "table-name": "SHIPMENT_HDR"}, "rule-action": "include"}, {"rule-type": "selection", "rule-id": "671", "rule-name": "671", "object-locator": {"schema-name": "VCSCMGR", "table-name": "TRADE_1"}, "rule-action": "include"}, {"rule-type": "selection", "rule-id": "672", "rule-name": "672", "object-locator": {"schema-name": "VCSCMGR", "table-name": "TRADE_2"}, "rule-action": "include"}, {"rule-type": "selection", "rule-id": "673", "rule-name": "673", "object-locator": {"schema-name": "VCSCMGR", "table-name": "COMMODITY_LINE_DTL"}, "rule-action": "include"}, {"rule-type": "selection", "rule-id": "674", "rule-name": "674", "object-locator": {"schema-name": "VCSCMGR", "table-name": "WEB_AUTHORIZATION"}, "rule-action": "include"}, {"rule-type": "selection", "rule-id": "675", "rule-name": "675", "object-locator": {"schema-name": "VCSCMGR", "table-name": "BL_RELEASE"}, "rule-action": "include"}, {"rule-type": "selection", "rule-id": "676", "rule-name": "676", "object-locator": {"schema-name": "VCSCMGR", "table-name": "MT_CONTAINER_TRACK_FEED"}, "rule-action": "include"}, {"rule-type": "selection", "rule-id": "677", "rule-name": "677", "object-locator": {"schema-name": "VCSCMGR", "table-name": "MT_CONTAINER_MSG_ARCH"}, "rule-action": "include"}, {"rule-type": "selection", "rule-id": "678", "rule-name": "678", "object-locator": {"schema-name": "VCSCMGR", "table-name": "TRUNCATE_TBL_PERMISSION"}, "rule-action": "include"}, {"rule-type": "selection", "rule-id": "679", "rule-name": "679", "object-locator": {"schema-name": "VCSCMGR", "table-name": "AUTO_STATUS_1"}, "rule-action": "include"}, {"rule-type": "selection", "rule-id": "680", "rule-name": "680", "object-locator": {"schema-name": "VCSCMGR", "table-name": "AUTO_STATUS_MSG"}, "rule-action": "include"}, {"rule-type": "selection", "rule-id": "681", "rule-name": "681", "object-locator": {"schema-name": "VCSCMGR", "table-name": "AUTO_STATUS_2"}, "rule-action": "include"}, {"rule-type": "selection", "rule-id": "682", "rule-name": "682", "object-locator": {"schema-name": "VCSCMGR", "table-name": "NOA_PARAMETERS"}, "rule-action": "include"}, {"rule-type": "selection", "rule-id": "683", "rule-name": "683", "object-locator": {"schema-name": "VCSCMGR", "table-name": "WEB_CONSIGNEE_1"}, "rule-action": "include"}, {"rule-type": "selection", "rule-id": "684", "rule-name": "684", "object-locator": {"schema-name": "VCSCMGR", "table-name": "WEB_CONSIGNEE_2"}, "rule-action": "include"}, {"rule-type": "selection", "rule-id": "685", "rule-name": "685", "object-locator": {"schema-name": "VCSCMGR", "table-name": "VCSC_RESERVATION_POV_MT"}, "rule-action": "include"}, {"rule-type": "selection", "rule-id": "686", "rule-name": "686", "object-locator": {"schema-name": "VCSCMGR", "table-name": "VCSC_REQUEST_ERROR_MT"}, "rule-action": "include"}, {"rule-type": "selection", "rule-id": "687", "rule-name": "687", "object-locator": {"schema-name": "VCSCMGR", "table-name": "VCSC_RESERVATION_NOTE_MT"}, "rule-action": "include"}, {"rule-type": "selection", "rule-id": "688", "rule-name": "688", "object-locator": {"schema-name": "VCSCMGR", "table-name": "VCSC_RESERVATION_COMMODITY_MT"}, "rule-action": "include"}, {"rule-type": "selection", "rule-id": "689", "rule-name": "689", "object-locator": {"schema-name": "VCSCMGR", "table-name": "VCSC_REQUEST_MT"}, "rule-action": "include"}, {"rule-type": "selection", "rule-id": "690", "rule-name": "690", "object-locator": {"schema-name": "VCSCMGR", "table-name": "VCSC_REQUEST_QUEUE_MT"}, "rule-action": "include"}, {"rule-type": "selection", "rule-id": "691", "rule-name": "691", "object-locator": {"schema-name": "VCSCMGR", "table-name": "VCSC_RESERVATION_EQUIPMENT_MT"}, "rule-action": "include"}, {"rule-type": "selection", "rule-id": "692", "rule-name": "692", "object-locator": {"schema-name": "VCSCMGR", "table-name": "VCSC_ROLE"}, "rule-action": "include"}, {"rule-type": "selection", "rule-id": "693", "rule-name": "693", "object-locator": {"schema-name": "VCSCMGR", "table-name": "VCSC_ROLE_FUNCTION"}, "rule-action": "include"}, {"rule-type": "selection", "rule-id": "694", "rule-name": "694", "object-locator": {"schema-name": "VCSCMGR", "table-name": "VCSC_RESERVATION_PARTY_MT"}, "rule-action": "include"}, {"rule-type": "selection", "rule-id": "695", "rule-name": "695", "object-locator": {"schema-name": "VCSCMGR", "table-name": "VCSC_RESERVATION_MT"}, "rule-action": "include"}, {"rule-type": "selection", "rule-id": "696", "rule-name": "696", "object-locator": {"schema-name": "VCSCMGR", "table-name": "VCSC_RESERVATION_ERROR_MT"}, "rule-action": "include"}, {"rule-type": "selection", "rule-id": "697", "rule-name": "697", "object-locator": {"schema-name": "VCSCMGR", "table-name": "VCSC_RAIL_RAMP"}, "rule-action": "include"}, {"rule-type": "selection", "rule-id": "698", "rule-name": "698", "object-locator": {"schema-name": "VCSCMGR", "table-name": "VCSC_RESERVATION_REFERENCE_MT"}, "rule-action": "include"}, {"rule-type": "selection", "rule-id": "699", "rule-name": "699", "object-locator": {"schema-name": "VCSCMGR", "table-name": "MT_ORPHAN"}, "rule-action": "include"}, {"rule-type": "selection", "rule-id": "700", "rule-name": "700", "object-locator": {"schema-name": "VCSCMGR", "table-name": "PF_VES_CODE_THDPTY"}, "rule-action": "include"}]}