{"rules": [{"rule-type": "selection", "rule-id": "120", "rule-name": "120", "object-locator": {"schema-name": "CAS_SVCMGR", "table-name": "JBM_ROLE"}, "rule-action": "include"}, {"rule-type": "selection", "rule-id": "121", "rule-name": "121", "object-locator": {"schema-name": "CAS_SVCMGR", "table-name": "JBM_ID_CACHE"}, "rule-action": "include"}, {"rule-type": "selection", "rule-id": "122", "rule-name": "122", "object-locator": {"schema-name": "CAS_SVCMGR", "table-name": "JBM_COUNTER"}, "rule-action": "include"}, {"rule-type": "selection", "rule-id": "123", "rule-name": "123", "object-locator": {"schema-name": "CAS_SVCMGR", "table-name": "JBM_TX_EX"}, "rule-action": "include"}, {"rule-type": "selection", "rule-id": "124", "rule-name": "124", "object-locator": {"schema-name": "CAS_SVCMGR", "table-name": "JBM_MSG_REF"}, "rule-action": "include"}, {"rule-type": "selection", "rule-id": "125", "rule-name": "125", "object-locator": {"schema-name": "CAS_SVCMGR", "table-name": "JBM_DUAL"}, "rule-action": "include"}, {"rule-type": "selection", "rule-id": "126", "rule-name": "126", "object-locator": {"schema-name": "CAS_SVCMGR", "table-name": "JBM_POSTOFFICE"}, "rule-action": "include"}, {"rule-type": "selection", "rule-id": "127", "rule-name": "127", "object-locator": {"schema-name": "CAS_SVCMGR", "table-name": "JBM_USER"}, "rule-action": "include"}, {"rule-type": "selection", "rule-id": "128", "rule-name": "128", "object-locator": {"schema-name": "CAS_SVCMGR", "table-name": "HILOSEQUENCES"}, "rule-action": "include"}]}