{"rules": [{"rule-type": "selection", "rule-id": "139", "rule-name": "139", "object-locator": {"schema-name": "CNSMGR", "table-name": "CNS_LOCATION_MZ"}, "rule-action": "include"}, {"rule-type": "selection", "rule-id": "140", "rule-name": "140", "object-locator": {"schema-name": "CNSMGR", "table-name": "CAS_QRTZ_FIRED_TRIGGERS"}, "rule-action": "include"}, {"rule-type": "selection", "rule-id": "141", "rule-name": "141", "object-locator": {"schema-name": "CNSMGR", "table-name": "CAS_QRTZ_JOB_LISTENERS"}, "rule-action": "include"}, {"rule-type": "selection", "rule-id": "142", "rule-name": "142", "object-locator": {"schema-name": "CNSMGR", "table-name": "CAS_QRTZ_PAUSED_TRIGGER_GRPS"}, "rule-action": "include"}, {"rule-type": "selection", "rule-id": "143", "rule-name": "143", "object-locator": {"schema-name": "CNSMGR", "table-name": "CAS_QRTZ_SIMPLE_TRIGGERS"}, "rule-action": "include"}, {"rule-type": "selection", "rule-id": "144", "rule-name": "144", "object-locator": {"schema-name": "CNSMGR", "table-name": "CAS_QRTZ_LOCKS"}, "rule-action": "include"}, {"rule-type": "selection", "rule-id": "145", "rule-name": "145", "object-locator": {"schema-name": "CNSMGR", "table-name": "CAS_QRTZ_SCHEDULER_STATE"}, "rule-action": "include"}, {"rule-type": "selection", "rule-id": "146", "rule-name": "146", "object-locator": {"schema-name": "CNSMGR", "table-name": "CAS_QRTZ_TRIGGER_LISTENERS"}, "rule-action": "include"}, {"rule-type": "selection", "rule-id": "147", "rule-name": "147", "object-locator": {"schema-name": "CNSMGR", "table-name": "CAS_QRTZ_CRON_TRIGGERS"}, "rule-action": "include"}, {"rule-type": "selection", "rule-id": "148", "rule-name": "148", "object-locator": {"schema-name": "CNSMGR", "table-name": "CNS_SUBSCRIBER_MT"}, "rule-action": "include"}, {"rule-type": "selection", "rule-id": "149", "rule-name": "149", "object-locator": {"schema-name": "CNSMGR", "table-name": "CNS_EVENT_MZ"}, "rule-action": "include"}, {"rule-type": "selection", "rule-id": "150", "rule-name": "150", "object-locator": {"schema-name": "CNSMGR", "table-name": "CNS_EVENT_SUBSCRIPTION_MT"}, "rule-action": "include"}, {"rule-type": "selection", "rule-id": "151", "rule-name": "151", "object-locator": {"schema-name": "CNSMGR", "table-name": "CNS_BATCH_MT"}, "rule-action": "include"}, {"rule-type": "selection", "rule-id": "152", "rule-name": "152", "object-locator": {"schema-name": "CNSMGR", "table-name": "CNS_NOTIFICATION_HEADER_MT"}, "rule-action": "include"}, {"rule-type": "selection", "rule-id": "153", "rule-name": "153", "object-locator": {"schema-name": "CNSMGR", "table-name": "CNS_NOTIFICATION_MZ"}, "rule-action": "include"}, {"rule-type": "selection", "rule-id": "154", "rule-name": "154", "object-locator": {"schema-name": "CNSMGR", "table-name": "CNS_NOTIFICATION_DEST_MT"}, "rule-action": "include"}, {"rule-type": "selection", "rule-id": "155", "rule-name": "155", "object-locator": {"schema-name": "CNSMGR", "table-name": "CNS_NOTIFICATION_DETAIL_MT"}, "rule-action": "include"}, {"rule-type": "selection", "rule-id": "156", "rule-name": "156", "object-locator": {"schema-name": "CNSMGR", "table-name": "CNS_APPLICATION_PARAMETER_MZ"}, "rule-action": "include"}]}