{"rules": [{"rule-type": "selection", "rule-id": "442", "rule-name": "442", "object-locator": {"schema-name": "OCEAN1_SVCMGR", "table-name": "JBM_USER"}, "rule-action": "include"}, {"rule-type": "selection", "rule-id": "443", "rule-name": "443", "object-locator": {"schema-name": "OCEAN1_SVCMGR", "table-name": "JBM_ROLE"}, "rule-action": "include"}, {"rule-type": "selection", "rule-id": "444", "rule-name": "444", "object-locator": {"schema-name": "OCEAN1_SVCMGR", "table-name": "JBM_COUNTER"}, "rule-action": "include"}, {"rule-type": "selection", "rule-id": "445", "rule-name": "445", "object-locator": {"schema-name": "OCEAN1_SVCMGR", "table-name": "JBM_POSTOFFICE"}, "rule-action": "include"}, {"rule-type": "selection", "rule-id": "446", "rule-name": "446", "object-locator": {"schema-name": "OCEAN1_SVCMGR", "table-name": "JBM_DUAL"}, "rule-action": "include"}, {"rule-type": "selection", "rule-id": "447", "rule-name": "447", "object-locator": {"schema-name": "OCEAN1_SVCMGR", "table-name": "JBM_TX_EX"}, "rule-action": "include"}, {"rule-type": "selection", "rule-id": "448", "rule-name": "448", "object-locator": {"schema-name": "OCEAN1_SVCMGR", "table-name": "JBM_MSG_REF"}, "rule-action": "include"}, {"rule-type": "selection", "rule-id": "449", "rule-name": "449", "object-locator": {"schema-name": "OCEAN1_SVCMGR", "table-name": "JBM_ID_CACHE"}, "rule-action": "include"}, {"rule-type": "selection", "rule-id": "450", "rule-name": "450", "object-locator": {"schema-name": "OCEAN1_SVCMGR", "table-name": "HILOSEQUENCES"}, "rule-action": "include"}]}