{"rules": [{"rule-type": "selection", "rule-id": "470", "rule-name": "470", "object-locator": {"schema-name": "OCEAN2_SVCMGR2", "table-name": "JBM_MSG_REF"}, "rule-action": "include"}, {"rule-type": "selection", "rule-id": "471", "rule-name": "471", "object-locator": {"schema-name": "OCEAN2_SVCMGR2", "table-name": "HILOSEQUENCES"}, "rule-action": "include"}, {"rule-type": "selection", "rule-id": "472", "rule-name": "472", "object-locator": {"schema-name": "OCEAN2_SVCMGR2", "table-name": "JBM_TX_EX"}, "rule-action": "include"}, {"rule-type": "selection", "rule-id": "473", "rule-name": "473", "object-locator": {"schema-name": "OCEAN2_SVCMGR2", "table-name": "JBM_USER"}, "rule-action": "include"}, {"rule-type": "selection", "rule-id": "474", "rule-name": "474", "object-locator": {"schema-name": "OCEAN2_SVCMGR2", "table-name": "JBM_ID_CACHE"}, "rule-action": "include"}, {"rule-type": "selection", "rule-id": "475", "rule-name": "475", "object-locator": {"schema-name": "OCEAN2_SVCMGR2", "table-name": "JBM_COUNTER"}, "rule-action": "include"}, {"rule-type": "selection", "rule-id": "476", "rule-name": "476", "object-locator": {"schema-name": "OCEAN2_SVCMGR2", "table-name": "JBM_CLUSTER"}, "rule-action": "include"}, {"rule-type": "selection", "rule-id": "477", "rule-name": "477", "object-locator": {"schema-name": "OCEAN2_SVCMGR2", "table-name": "JBM_POSTOFFICE"}, "rule-action": "include"}, {"rule-type": "selection", "rule-id": "478", "rule-name": "478", "object-locator": {"schema-name": "OCEAN2_SVCMGR2", "table-name": "JBM_DUAL"}, "rule-action": "include"}, {"rule-type": "selection", "rule-id": "479", "rule-name": "479", "object-locator": {"schema-name": "OCEAN2_SVCMGR2", "table-name": "JBM_ROLE"}, "rule-action": "include"}]}