{"rules": [{"rule-type": "selection", "rule-id": "129", "rule-name": "129", "object-locator": {"schema-name": "CAS_SVCMGR2", "table-name": "JBM_DUAL"}, "rule-action": "include"}, {"rule-type": "selection", "rule-id": "130", "rule-name": "130", "object-locator": {"schema-name": "CAS_SVCMGR2", "table-name": "JBM_MSG_REF"}, "rule-action": "include"}, {"rule-type": "selection", "rule-id": "131", "rule-name": "131", "object-locator": {"schema-name": "CAS_SVCMGR2", "table-name": "JBM_POSTOFFICE"}, "rule-action": "include"}, {"rule-type": "selection", "rule-id": "132", "rule-name": "132", "object-locator": {"schema-name": "CAS_SVCMGR2", "table-name": "JBM_COUNTER"}, "rule-action": "include"}, {"rule-type": "selection", "rule-id": "133", "rule-name": "133", "object-locator": {"schema-name": "CAS_SVCMGR2", "table-name": "JBM_CLUSTER"}, "rule-action": "include"}, {"rule-type": "selection", "rule-id": "134", "rule-name": "134", "object-locator": {"schema-name": "CAS_SVCMGR2", "table-name": "JBM_TX_EX"}, "rule-action": "include"}, {"rule-type": "selection", "rule-id": "135", "rule-name": "135", "object-locator": {"schema-name": "CAS_SVCMGR2", "table-name": "JBM_USER"}, "rule-action": "include"}, {"rule-type": "selection", "rule-id": "136", "rule-name": "136", "object-locator": {"schema-name": "CAS_SVCMGR2", "table-name": "JBM_ID_CACHE"}, "rule-action": "include"}, {"rule-type": "selection", "rule-id": "137", "rule-name": "137", "object-locator": {"schema-name": "CAS_SVCMGR2", "table-name": "JBM_ROLE"}, "rule-action": "include"}, {"rule-type": "selection", "rule-id": "138", "rule-name": "138", "object-locator": {"schema-name": "CAS_SVCMGR2", "table-name": "HILOSEQUENCES"}, "rule-action": "include"}]}