{"rules": [{"rule-type": "selection", "rule-id": "480", "rule-name": "480", "object-locator": {"schema-name": "OCEAN_GUIMGR", "table-name": "JBM_USER"}, "rule-action": "include"}, {"rule-type": "selection", "rule-id": "481", "rule-name": "481", "object-locator": {"schema-name": "OCEAN_GUIMGR", "table-name": "JBM_TX_EX"}, "rule-action": "include"}, {"rule-type": "selection", "rule-id": "482", "rule-name": "482", "object-locator": {"schema-name": "OCEAN_GUIMGR", "table-name": "JBM_ID_CACHE"}, "rule-action": "include"}, {"rule-type": "selection", "rule-id": "483", "rule-name": "483", "object-locator": {"schema-name": "OCEAN_GUIMGR", "table-name": "JBM_POSTOFFICE"}, "rule-action": "include"}, {"rule-type": "selection", "rule-id": "484", "rule-name": "484", "object-locator": {"schema-name": "OCEAN_GUIMGR", "table-name": "JBM_MSG_REF"}, "rule-action": "include"}, {"rule-type": "selection", "rule-id": "485", "rule-name": "485", "object-locator": {"schema-name": "OCEAN_GUIMGR", "table-name": "JBM_COUNTER"}, "rule-action": "include"}, {"rule-type": "selection", "rule-id": "486", "rule-name": "486", "object-locator": {"schema-name": "OCEAN_GUIMGR", "table-name": "JBM_DUAL"}, "rule-action": "include"}, {"rule-type": "selection", "rule-id": "487", "rule-name": "487", "object-locator": {"schema-name": "OCEAN_GUIMGR", "table-name": "JBM_ROLE"}, "rule-action": "include"}, {"rule-type": "selection", "rule-id": "488", "rule-name": "488", "object-locator": {"schema-name": "OCEAN_GUIMGR", "table-name": "HILOSEQUENCES"}, "rule-action": "include"}]}