{"rules": [{"rule-type": "selection", "rule-id": "461", "rule-name": "461", "object-locator": {"schema-name": "OCEAN2_SVCMGR", "table-name": "JBM_USER"}, "rule-action": "include"}, {"rule-type": "selection", "rule-id": "462", "rule-name": "462", "object-locator": {"schema-name": "OCEAN2_SVCMGR", "table-name": "JBM_ROLE"}, "rule-action": "include"}, {"rule-type": "selection", "rule-id": "463", "rule-name": "463", "object-locator": {"schema-name": "OCEAN2_SVCMGR", "table-name": "JBM_COUNTER"}, "rule-action": "include"}, {"rule-type": "selection", "rule-id": "464", "rule-name": "464", "object-locator": {"schema-name": "OCEAN2_SVCMGR", "table-name": "JBM_POSTOFFICE"}, "rule-action": "include"}, {"rule-type": "selection", "rule-id": "465", "rule-name": "465", "object-locator": {"schema-name": "OCEAN2_SVCMGR", "table-name": "JBM_DUAL"}, "rule-action": "include"}, {"rule-type": "selection", "rule-id": "466", "rule-name": "466", "object-locator": {"schema-name": "OCEAN2_SVCMGR", "table-name": "JBM_TX_EX"}, "rule-action": "include"}, {"rule-type": "selection", "rule-id": "467", "rule-name": "467", "object-locator": {"schema-name": "OCEAN2_SVCMGR", "table-name": "JBM_MSG_REF"}, "rule-action": "include"}, {"rule-type": "selection", "rule-id": "468", "rule-name": "468", "object-locator": {"schema-name": "OCEAN2_SVCMGR", "table-name": "JBM_ID_CACHE"}, "rule-action": "include"}, {"rule-type": "selection", "rule-id": "469", "rule-name": "469", "object-locator": {"schema-name": "OCEAN2_SVCMGR", "table-name": "HILOSEQUENCES"}, "rule-action": "include"}]}