{"rules": [{"rule-type": "selection", "rule-id": "451", "rule-name": "451", "object-locator": {"schema-name": "OCEAN1_SVCMGR2", "table-name": "JBM_MSG_REF"}, "rule-action": "include"}, {"rule-type": "selection", "rule-id": "452", "rule-name": "452", "object-locator": {"schema-name": "OCEAN1_SVCMGR2", "table-name": "HILOSEQUENCES"}, "rule-action": "include"}, {"rule-type": "selection", "rule-id": "453", "rule-name": "453", "object-locator": {"schema-name": "OCEAN1_SVCMGR2", "table-name": "JBM_TX_EX"}, "rule-action": "include"}, {"rule-type": "selection", "rule-id": "454", "rule-name": "454", "object-locator": {"schema-name": "OCEAN1_SVCMGR2", "table-name": "JBM_USER"}, "rule-action": "include"}, {"rule-type": "selection", "rule-id": "455", "rule-name": "455", "object-locator": {"schema-name": "OCEAN1_SVCMGR2", "table-name": "JBM_ID_CACHE"}, "rule-action": "include"}, {"rule-type": "selection", "rule-id": "456", "rule-name": "456", "object-locator": {"schema-name": "OCEAN1_SVCMGR2", "table-name": "JBM_COUNTER"}, "rule-action": "include"}, {"rule-type": "selection", "rule-id": "457", "rule-name": "457", "object-locator": {"schema-name": "OCEAN1_SVCMGR2", "table-name": "JBM_CLUSTER"}, "rule-action": "include"}, {"rule-type": "selection", "rule-id": "458", "rule-name": "458", "object-locator": {"schema-name": "OCEAN1_SVCMGR2", "table-name": "JBM_POSTOFFICE"}, "rule-action": "include"}, {"rule-type": "selection", "rule-id": "459", "rule-name": "459", "object-locator": {"schema-name": "OCEAN1_SVCMGR2", "table-name": "JBM_DUAL"}, "rule-action": "include"}, {"rule-type": "selection", "rule-id": "460", "rule-name": "460", "object-locator": {"schema-name": "OCEAN1_SVCMGR2", "table-name": "JBM_ROLE"}, "rule-action": "include"}]}