{"rules": [{"rule-type": "selection", "rule-id": "229", "rule-name": "229", "object-locator": {"schema-name": "MISMGR", "table-name": "MIS_PROJ_LOAD_XREF"}, "rule-action": "include"}, {"rule-type": "selection", "rule-id": "230", "rule-name": "230", "object-locator": {"schema-name": "MISMGR", "table-name": "MIS_PROJECT"}, "rule-action": "include"}, {"rule-type": "selection", "rule-id": "231", "rule-name": "231", "object-locator": {"schema-name": "MISMGR", "table-name": "MIS_WEB_ID_ADDR_LINE"}, "rule-action": "include"}, {"rule-type": "selection", "rule-id": "232", "rule-name": "232", "object-locator": {"schema-name": "MISMGR", "table-name": "MIS_WEB_ID"}, "rule-action": "include"}, {"rule-type": "selection", "rule-id": "233", "rule-name": "233", "object-locator": {"schema-name": "MISMGR", "table-name": "MIS_SERVICE_CODE"}, "rule-action": "include"}, {"rule-type": "selection", "rule-id": "234", "rule-name": "234", "object-locator": {"schema-name": "MISMGR", "table-name": "MIS_SIGNON_FAILURE_LOG"}, "rule-action": "include"}, {"rule-type": "selection", "rule-id": "235", "rule-name": "235", "object-locator": {"schema-name": "MISMGR", "table-name": "MIS_LOAD_ROUTING"}, "rule-action": "include"}, {"rule-type": "selection", "rule-id": "236", "rule-name": "236", "object-locator": {"schema-name": "MISMGR", "table-name": "MIS_LOAD"}, "rule-action": "include"}, {"rule-type": "selection", "rule-id": "237", "rule-name": "237", "object-locator": {"schema-name": "MISMGR", "table-name": "MIS_LOAD_REFERENCE"}, "rule-action": "include"}, {"rule-type": "selection", "rule-id": "238", "rule-name": "238", "object-locator": {"schema-name": "MISMGR", "table-name": "MIS_EQUIP_MOVEMENT"}, "rule-action": "include"}, {"rule-type": "selection", "rule-id": "239", "rule-name": "239", "object-locator": {"schema-name": "MISMGR", "table-name": "MIS_VOYAGE"}, "rule-action": "include"}, {"rule-type": "selection", "rule-id": "240", "rule-name": "240", "object-locator": {"schema-name": "MISMGR", "table-name": "MIS_AIR_SERVICE_GUIDE"}, "rule-action": "include"}, {"rule-type": "selection", "rule-id": "241", "rule-name": "241", "object-locator": {"schema-name": "MISMGR", "table-name": "MIS_CUST_LOAD_XREF"}, "rule-action": "include"}, {"rule-type": "selection", "rule-id": "242", "rule-name": "242", "object-locator": {"schema-name": "MISMGR", "table-name": "MIS_CUSTOMER_SIGNUP_LOG"}, "rule-action": "include"}, {"rule-type": "selection", "rule-id": "243", "rule-name": "243", "object-locator": {"schema-name": "MISMGR", "table-name": "MIS_ADDRESS_LINE"}, "rule-action": "include"}, {"rule-type": "selection", "rule-id": "244", "rule-name": "244", "object-locator": {"schema-name": "MISMGR", "table-name": "MIS_ACTIVITIES_LOG"}, "rule-action": "include"}, {"rule-type": "selection", "rule-id": "245", "rule-name": "245", "object-locator": {"schema-name": "MISMGR", "table-name": "MIS_MESSAGE_LOG"}, "rule-action": "include"}]}