{"rules": [{"rule-type": "selection", "rule-id": "157", "rule-name": "157", "object-locator": {"schema-name": "CSECMGR", "table-name": "NCR_FACILITIES_LOOKUP"}, "rule-action": "include"}, {"rule-type": "selection", "rule-id": "158", "rule-name": "158", "object-locator": {"schema-name": "CSECMGR", "table-name": "NCR_SOURCE_LOOKUP"}, "rule-action": "include"}, {"rule-type": "selection", "rule-id": "159", "rule-name": "159", "object-locator": {"schema-name": "CSECMGR", "table-name": "NCR_STATUS_LOOKUP"}, "rule-action": "include"}, {"rule-type": "selection", "rule-id": "160", "rule-name": "160", "object-locator": {"schema-name": "CSECMGR", "table-name": "NCR_CUSTODY_HOLDER_LOOKUP"}, "rule-action": "include"}, {"rule-type": "selection", "rule-id": "161", "rule-name": "161", "object-locator": {"schema-name": "CSECMGR", "table-name": "NCR_ALARM_LOOKUP"}, "rule-action": "include"}, {"rule-type": "selection", "rule-id": "162", "rule-name": "162", "object-locator": {"schema-name": "CSECMGR", "table-name": "MT_SQE_NCR_CAR"}, "rule-action": "include"}, {"rule-type": "selection", "rule-id": "163", "rule-name": "163", "object-locator": {"schema-name": "CSECMGR", "table-name": "NCR_ROLE_LOOKUP"}, "rule-action": "include"}]}