{"rules": [{"rule-type": "selection", "rule-id": "1", "rule-name": "1", "object-locator": {"schema-name": "CASMGR", "table-name": "CRS_SPR_STEP_EXECUTION"}, "rule-action": "include"}, {"rule-type": "selection", "rule-id": "2", "rule-name": "2", "object-locator": {"schema-name": "CASMGR", "table-name": "CRS_SPR_JOB_EXECUTION"}, "rule-action": "include"}, {"rule-type": "selection", "rule-id": "3", "rule-name": "3", "object-locator": {"schema-name": "CASMGR", "table-name": "CRS_SPR_JOB_INSTANCE"}, "rule-action": "include"}, {"rule-type": "selection", "rule-id": "4", "rule-name": "4", "object-locator": {"schema-name": "CASMGR", "table-name": "CAS_REPORT_CATEGORY_MT"}, "rule-action": "include"}, {"rule-type": "selection", "rule-id": "5", "rule-name": "5", "object-locator": {"schema-name": "CASMGR", "table-name": "CAS_REPORT_GROUP_MT"}, "rule-action": "include"}, {"rule-type": "selection", "rule-id": "6", "rule-name": "6", "object-locator": {"schema-name": "CASMGR", "table-name": "CAS_REPORT_FILTER_MT"}, "rule-action": "include"}, {"rule-type": "selection", "rule-id": "7", "rule-name": "7", "object-locator": {"schema-name": "CASMGR", "table-name": "CAS_REPORT_PARAMETERS_MT"}, "rule-action": "include"}, {"rule-type": "selection", "rule-id": "8", "rule-name": "8", "object-locator": {"schema-name": "CASMGR", "table-name": "CAS_REPORT_SUBREPORT_ML"}, "rule-action": "include"}, {"rule-type": "selection", "rule-id": "9", "rule-name": "9", "object-locator": {"schema-name": "CASMGR", "table-name": "CAS_REPORT_MT"}, "rule-action": "include"}, {"rule-type": "selection", "rule-id": "10", "rule-name": "10", "object-locator": {"schema-name": "CASMGR", "table-name": "CAS_REPORT_SORT_COLUMN_MT"}, "rule-action": "include"}, {"rule-type": "selection", "rule-id": "11", "rule-name": "11", "object-locator": {"schema-name": "CASMGR", "table-name": "CAS_REPORT_CLASSIFICATION_MT"}, "rule-action": "include"}, {"rule-type": "selection", "rule-id": "12", "rule-name": "12", "object-locator": {"schema-name": "CASMGR", "table-name": "CAS_REPORT_HISTORY_MT"}, "rule-action": "include"}, {"rule-type": "selection", "rule-id": "13", "rule-name": "13", "object-locator": {"schema-name": "CASMGR", "table-name": "ADM_SPR_STEP_EXECUTION"}, "rule-action": "include"}, {"rule-type": "selection", "rule-id": "14", "rule-name": "14", "object-locator": {"schema-name": "CASMGR", "table-name": "ADM_SPR_JOB_EXECUTION"}, "rule-action": "include"}, {"rule-type": "selection", "rule-id": "15", "rule-name": "15", "object-locator": {"schema-name": "CASMGR", "table-name": "ADM_SPR_JOB_INSTANCE"}, "rule-action": "include"}, {"rule-type": "selection", "rule-id": "16", "rule-name": "16", "object-locator": {"schema-name": "CASMGR", "table-name": "AUTH_QRTZ_PAUSED_TRIGGER_GRPS"}, "rule-action": "include"}, {"rule-type": "selection", "rule-id": "17", "rule-name": "17", "object-locator": {"schema-name": "CASMGR", "table-name": "AUTH_QRTZ_CRON_TRIGGERS"}, "rule-action": "include"}, {"rule-type": "selection", "rule-id": "18", "rule-name": "18", "object-locator": {"schema-name": "CASMGR", "table-name": "AUTH_QRTZ_SCHEDULER_STATE"}, "rule-action": "include"}, {"rule-type": "selection", "rule-id": "19", "rule-name": "19", "object-locator": {"schema-name": "CASMGR", "table-name": "AUTH_QRTZ_FIRED_TRIGGERS"}, "rule-action": "include"}, {"rule-type": "selection", "rule-id": "20", "rule-name": "20", "object-locator": {"schema-name": "CASMGR", "table-name": "AUTH_QRTZ_TRIGGER_LISTENERS"}, "rule-action": "include"}, {"rule-type": "selection", "rule-id": "21", "rule-name": "21", "object-locator": {"schema-name": "CASMGR", "table-name": "AUTH_QRTZ_LOCKS"}, "rule-action": "include"}, {"rule-type": "selection", "rule-id": "22", "rule-name": "22", "object-locator": {"schema-name": "CASMGR", "table-name": "AUTH_QRTZ_JOB_LISTENERS"}, "rule-action": "include"}, {"rule-type": "selection", "rule-id": "23", "rule-name": "23", "object-locator": {"schema-name": "CASMGR", "table-name": "AUTH_QRTZ_SIMPLE_TRIGGERS"}, "rule-action": "include"}, {"rule-type": "selection", "rule-id": "24", "rule-name": "24", "object-locator": {"schema-name": "CASMGR", "table-name": "QRTZ_CRON_TRIGGERS"}, "rule-action": "include"}, {"rule-type": "selection", "rule-id": "25", "rule-name": "25", "object-locator": {"schema-name": "CASMGR", "table-name": "QRTZ_TRIGGER_LISTENERS"}, "rule-action": "include"}, {"rule-type": "selection", "rule-id": "26", "rule-name": "26", "object-locator": {"schema-name": "CASMGR", "table-name": "ADM_QRTZ_FIRED_TRIGGERS"}, "rule-action": "include"}, {"rule-type": "selection", "rule-id": "27", "rule-name": "27", "object-locator": {"schema-name": "CASMGR", "table-name": "ADM_QRTZ_JOB_LISTENERS"}, "rule-action": "include"}, {"rule-type": "selection", "rule-id": "28", "rule-name": "28", "object-locator": {"schema-name": "CASMGR", "table-name": "ADM_QRTZ_PAUSED_TRIGGER_GRPS"}, "rule-action": "include"}, {"rule-type": "selection", "rule-id": "29", "rule-name": "29", "object-locator": {"schema-name": "CASMGR", "table-name": "ADM_QRTZ_SIMPLE_TRIGGERS"}, "rule-action": "include"}, {"rule-type": "selection", "rule-id": "30", "rule-name": "30", "object-locator": {"schema-name": "CASMGR", "table-name": "ADM_QRTZ_LOCKS"}, "rule-action": "include"}, {"rule-type": "selection", "rule-id": "31", "rule-name": "31", "object-locator": {"schema-name": "CASMGR", "table-name": "ADM_QRTZ_SCHEDULER_STATE"}, "rule-action": "include"}, {"rule-type": "selection", "rule-id": "32", "rule-name": "32", "object-locator": {"schema-name": "CASMGR", "table-name": "ADM_QRTZ_TRIGGER_LISTENERS"}, "rule-action": "include"}, {"rule-type": "selection", "rule-id": "33", "rule-name": "33", "object-locator": {"schema-name": "CASMGR", "table-name": "ADM_QRTZ_CRON_TRIGGERS"}, "rule-action": "include"}, {"rule-type": "selection", "rule-id": "34", "rule-name": "34", "object-locator": {"schema-name": "CASMGR", "table-name": "QRTZ_SIMPLE_TRIGGERS"}, "rule-action": "include"}, {"rule-type": "selection", "rule-id": "35", "rule-name": "35", "object-locator": {"schema-name": "CASMGR", "table-name": "ERD_SPR_STEP_EXECUTION"}, "rule-action": "include"}, {"rule-type": "selection", "rule-id": "36", "rule-name": "36", "object-locator": {"schema-name": "CASMGR", "table-name": "ERD_SPR_JOB_EXECUTION"}, "rule-action": "include"}, {"rule-type": "selection", "rule-id": "37", "rule-name": "37", "object-locator": {"schema-name": "CASMGR", "table-name": "ERD_SPR_JOB_INSTANCE"}, "rule-action": "include"}, {"rule-type": "selection", "rule-id": "38", "rule-name": "38", "object-locator": {"schema-name": "CASMGR", "table-name": "QRTZ_PAUSED_TRIGGER_GRPS"}, "rule-action": "include"}, {"rule-type": "selection", "rule-id": "39", "rule-name": "39", "object-locator": {"schema-name": "CASMGR", "table-name": "CAS_UN_SUBDIV_MZ"}, "rule-action": "include"}, {"rule-type": "selection", "rule-id": "40", "rule-name": "40", "object-locator": {"schema-name": "CASMGR", "table-name": "CAS_UN_LOCODE_MZ"}, "rule-action": "include"}, {"rule-type": "selection", "rule-id": "41", "rule-name": "41", "object-locator": {"schema-name": "CASMGR", "table-name": "CAS_UN_COUNTRY_MZ"}, "rule-action": "include"}, {"rule-type": "selection", "rule-id": "42", "rule-name": "42", "object-locator": {"schema-name": "CASMGR", "table-name": "CAS_SEARCH_MZ"}, "rule-action": "include"}, {"rule-type": "selection", "rule-id": "43", "rule-name": "43", "object-locator": {"schema-name": "CASMGR", "table-name": "CAS_SEARCH_SAVED_QUERY_MT"}, "rule-action": "include"}, {"rule-type": "selection", "rule-id": "44", "rule-name": "44", "object-locator": {"schema-name": "CASMGR", "table-name": "CAS_SEARCH_VIEW_MZ"}, "rule-action": "include"}, {"rule-type": "selection", "rule-id": "45", "rule-name": "45", "object-locator": {"schema-name": "CASMGR", "table-name": "CAS_VALIDATOR_MZ"}, "rule-action": "include"}, {"rule-type": "selection", "rule-id": "46", "rule-name": "46", "object-locator": {"schema-name": "CASMGR", "table-name": "CAS_VALIDATOR_ACCESS_MT"}, "rule-action": "include"}, {"rule-type": "selection", "rule-id": "47", "rule-name": "47", "object-locator": {"schema-name": "CASMGR", "table-name": "QRTZ_SCHEDULER_STATE"}, "rule-action": "include"}, {"rule-type": "selection", "rule-id": "48", "rule-name": "48", "object-locator": {"schema-name": "CASMGR", "table-name": "CAS_QUARTZ_PROPERTY_MT"}, "rule-action": "include"}, {"rule-type": "selection", "rule-id": "49", "rule-name": "49", "object-locator": {"schema-name": "CASMGR", "table-name": "CAS_QUARTZ_USER_GROUP_JOB_ML"}, "rule-action": "include"}, {"rule-type": "selection", "rule-id": "50", "rule-name": "50", "object-locator": {"schema-name": "CASMGR", "table-name": "CAS_QUARTZ_SCHEDULE_TYPE_MZ"}, "rule-action": "include"}, {"rule-type": "selection", "rule-id": "51", "rule-name": "51", "object-locator": {"schema-name": "CASMGR", "table-name": "CAS_QUARTZ_JOB_MT"}, "rule-action": "include"}, {"rule-type": "selection", "rule-id": "52", "rule-name": "52", "object-locator": {"schema-name": "CASMGR", "table-name": "CAS_QUARTZ_TRIGGER_TYPE_MZ"}, "rule-action": "include"}, {"rule-type": "selection", "rule-id": "53", "rule-name": "53", "object-locator": {"schema-name": "CASMGR", "table-name": "CAS_QUARTZ_USER_GROUP_MT"}, "rule-action": "include"}, {"rule-type": "selection", "rule-id": "54", "rule-name": "54", "object-locator": {"schema-name": "CASMGR", "table-name": "CAS_QUARTZ_CSTM_SERVER_MZ"}, "rule-action": "include"}, {"rule-type": "selection", "rule-id": "55", "rule-name": "55", "object-locator": {"schema-name": "CASMGR", "table-name": "CAS_QUARTZ_ACCESS_LEVEL_MZ"}, "rule-action": "include"}, {"rule-type": "selection", "rule-id": "56", "rule-name": "56", "object-locator": {"schema-name": "CASMGR", "table-name": "CAS_QUARTZ_CSTM_ENVIRONMENT_MZ"}, "rule-action": "include"}, {"rule-type": "selection", "rule-id": "57", "rule-name": "57", "object-locator": {"schema-name": "CASMGR", "table-name": "CAS_QUARTZ_TRIGGER_HISTORY_MT"}, "rule-action": "include"}, {"rule-type": "selection", "rule-id": "58", "rule-name": "58", "object-locator": {"schema-name": "CASMGR", "table-name": "CAS_QUARTZ_FISCAL_CALENDER_MT"}, "rule-action": "include"}, {"rule-type": "selection", "rule-id": "59", "rule-name": "59", "object-locator": {"schema-name": "CASMGR", "table-name": "CAS_QUARTZ_CSTM_APPLICATION_MZ"}, "rule-action": "include"}, {"rule-type": "selection", "rule-id": "60", "rule-name": "60", "object-locator": {"schema-name": "CASMGR", "table-name": "CAS_QUARTZ_LISTENER_MT"}, "rule-action": "include"}, {"rule-type": "selection", "rule-id": "61", "rule-name": "61", "object-locator": {"schema-name": "CASMGR", "table-name": "ERD_QRTZ_FIRED_TRIGGERS"}, "rule-action": "include"}, {"rule-type": "selection", "rule-id": "62", "rule-name": "62", "object-locator": {"schema-name": "CASMGR", "table-name": "ERD_QRTZ_JOB_LISTENERS"}, "rule-action": "include"}, {"rule-type": "selection", "rule-id": "63", "rule-name": "63", "object-locator": {"schema-name": "CASMGR", "table-name": "ERD_QRTZ_PAUSED_TRIGGER_GRPS"}, "rule-action": "include"}, {"rule-type": "selection", "rule-id": "64", "rule-name": "64", "object-locator": {"schema-name": "CASMGR", "table-name": "ERD_QRTZ_SIMPLE_TRIGGERS"}, "rule-action": "include"}, {"rule-type": "selection", "rule-id": "65", "rule-name": "65", "object-locator": {"schema-name": "CASMGR", "table-name": "ERD_QRTZ_LOCKS"}, "rule-action": "include"}, {"rule-type": "selection", "rule-id": "66", "rule-name": "66", "object-locator": {"schema-name": "CASMGR", "table-name": "ERD_QRTZ_SCHEDULER_STATE"}, "rule-action": "include"}, {"rule-type": "selection", "rule-id": "67", "rule-name": "67", "object-locator": {"schema-name": "CASMGR", "table-name": "ERD_QRTZ_TRIGGER_LISTENERS"}, "rule-action": "include"}, {"rule-type": "selection", "rule-id": "68", "rule-name": "68", "object-locator": {"schema-name": "CASMGR", "table-name": "ERD_QRTZ_CRON_TRIGGERS"}, "rule-action": "include"}, {"rule-type": "selection", "rule-id": "69", "rule-name": "69", "object-locator": {"schema-name": "CASMGR", "table-name": "QRTZ_LOCKS"}, "rule-action": "include"}, {"rule-type": "selection", "rule-id": "70", "rule-name": "70", "object-locator": {"schema-name": "CASMGR", "table-name": "QRTZ_GEMS_FIRED_TRIGGERS"}, "rule-action": "include"}, {"rule-type": "selection", "rule-id": "71", "rule-name": "71", "object-locator": {"schema-name": "CASMGR", "table-name": "QRTZ_GEMS_SIMPLE_TRIGGERS"}, "rule-action": "include"}, {"rule-type": "selection", "rule-id": "72", "rule-name": "72", "object-locator": {"schema-name": "CASMGR", "table-name": "QRTZ_GEMS_CRON_TRIGGERS"}, "rule-action": "include"}, {"rule-type": "selection", "rule-id": "73", "rule-name": "73", "object-locator": {"schema-name": "CASMGR", "table-name": "QRTZ_GEMS_SCHEDULER_STATE"}, "rule-action": "include"}, {"rule-type": "selection", "rule-id": "74", "rule-name": "74", "object-locator": {"schema-name": "CASMGR", "table-name": "QRTZ_GEMS_LOCKS"}, "rule-action": "include"}, {"rule-type": "selection", "rule-id": "75", "rule-name": "75", "object-locator": {"schema-name": "CASMGR", "table-name": "QRTZ_GEMS_JOB_LISTENERS"}, "rule-action": "include"}, {"rule-type": "selection", "rule-id": "76", "rule-name": "76", "object-locator": {"schema-name": "CASMGR", "table-name": "QRTZ_GEMS_TRIGGER_LISTENERS"}, "rule-action": "include"}, {"rule-type": "selection", "rule-id": "77", "rule-name": "77", "object-locator": {"schema-name": "CASMGR", "table-name": "QRTZ_GEMS_PAUSED_TRIGGER_GRPS"}, "rule-action": "include"}, {"rule-type": "selection", "rule-id": "78", "rule-name": "78", "object-locator": {"schema-name": "CASMGR", "table-name": "QRTZ_JOB_LISTENERS"}, "rule-action": "include"}, {"rule-type": "selection", "rule-id": "79", "rule-name": "79", "object-locator": {"schema-name": "CASMGR", "table-name": "QRTZ_FIRED_TRIGGERS"}, "rule-action": "include"}, {"rule-type": "selection", "rule-id": "80", "rule-name": "80", "object-locator": {"schema-name": "CASMGR", "table-name": "CAS_USER_PROFILE_MT"}, "rule-action": "include"}, {"rule-type": "selection", "rule-id": "81", "rule-name": "81", "object-locator": {"schema-name": "CASMGR", "table-name": "CAS_USER_PROFILE_STATE_MZ"}, "rule-action": "include"}, {"rule-type": "selection", "rule-id": "82", "rule-name": "82", "object-locator": {"schema-name": "CASMGR", "table-name": "CAS_USER_PROFILE_ADDRESS_MT"}, "rule-action": "include"}, {"rule-type": "selection", "rule-id": "83", "rule-name": "83", "object-locator": {"schema-name": "CASMGR", "table-name": "CAS_USER_PROFILE_ADR_TYPE_MZ"}, "rule-action": "include"}, {"rule-type": "selection", "rule-id": "84", "rule-name": "84", "object-locator": {"schema-name": "CASMGR", "table-name": "CAS_USER_PROFILE_PHONE_TYPE_MZ"}, "rule-action": "include"}, {"rule-type": "selection", "rule-id": "85", "rule-name": "85", "object-locator": {"schema-name": "CASMGR", "table-name": "CAS_USER_PROFILE_PHONE_MT"}, "rule-action": "include"}, {"rule-type": "selection", "rule-id": "86", "rule-name": "86", "object-locator": {"schema-name": "CASMGR", "table-name": "CAS_FAX_STATUS_MT"}, "rule-action": "include"}, {"rule-type": "selection", "rule-id": "87", "rule-name": "87", "object-locator": {"schema-name": "CASMGR", "table-name": "CAS_BATCH_STATE_HISTORY_MT"}, "rule-action": "include"}, {"rule-type": "selection", "rule-id": "88", "rule-name": "88", "object-locator": {"schema-name": "CASMGR", "table-name": "CAS_BATCH_PROPERTY_MT"}, "rule-action": "include"}, {"rule-type": "selection", "rule-id": "89", "rule-name": "89", "object-locator": {"schema-name": "CASMGR", "table-name": "CAS_BATCH_STATE_MT"}, "rule-action": "include"}, {"rule-type": "selection", "rule-id": "90", "rule-name": "90", "object-locator": {"schema-name": "CASMGR", "table-name": "CAS_SEC_APPLICATION_MT"}, "rule-action": "include"}, {"rule-type": "selection", "rule-id": "91", "rule-name": "91", "object-locator": {"schema-name": "CASMGR", "table-name": "CAS_SEC_USER_MT"}, "rule-action": "include"}, {"rule-type": "selection", "rule-id": "92", "rule-name": "92", "object-locator": {"schema-name": "CASMGR", "table-name": "CAS_SEC_PERMISSION_MT"}, "rule-action": "include"}, {"rule-type": "selection", "rule-id": "93", "rule-name": "93", "object-locator": {"schema-name": "CASMGR", "table-name": "CAS_SEC_AUDIT_LOG_TEMPLATE_MZ"}, "rule-action": "include"}, {"rule-type": "selection", "rule-id": "94", "rule-name": "94", "object-locator": {"schema-name": "CASMGR", "table-name": "CAS_SEC_DUAL_AUTH_MT"}, "rule-action": "include"}, {"rule-type": "selection", "rule-id": "95", "rule-name": "95", "object-locator": {"schema-name": "CASMGR", "table-name": "CAS_SEC_GROUP_MT"}, "rule-action": "include"}, {"rule-type": "selection", "rule-id": "96", "rule-name": "96", "object-locator": {"schema-name": "CASMGR", "table-name": "CAS_SEC_USER_GROUP_ML"}, "rule-action": "include"}, {"rule-type": "selection", "rule-id": "97", "rule-name": "97", "object-locator": {"schema-name": "CASMGR", "table-name": "CAS_SEC_AUDIT_LOG_MT"}, "rule-action": "include"}, {"rule-type": "selection", "rule-id": "98", "rule-name": "98", "object-locator": {"schema-name": "CASMGR", "table-name": "CAS_SEC_GROUP_HIERARCHY_ML"}, "rule-action": "include"}, {"rule-type": "selection", "rule-id": "99", "rule-name": "99", "object-locator": {"schema-name": "CASMGR", "table-name": "CAS_MX_SUBDIV_MZ"}, "rule-action": "include"}, {"rule-type": "selection", "rule-id": "100", "rule-name": "100", "object-locator": {"schema-name": "CASMGR", "table-name": "CAS_FTP_PASSWORD_MT"}, "rule-action": "include"}, {"rule-type": "selection", "rule-id": "101", "rule-name": "101", "object-locator": {"schema-name": "CASMGR", "table-name": "CAS_FTP_PROXY_MT"}, "rule-action": "include"}, {"rule-type": "selection", "rule-id": "102", "rule-name": "102", "object-locator": {"schema-name": "CASMGR", "table-name": "CAS_CREDIT_CARD_INTERFACE_MZ"}, "rule-action": "include"}, {"rule-type": "selection", "rule-id": "103", "rule-name": "103", "object-locator": {"schema-name": "CASMGR", "table-name": "CAS_CREDIT_CARD_HISTORY_MT"}, "rule-action": "include"}, {"rule-type": "selection", "rule-id": "104", "rule-name": "104", "object-locator": {"schema-name": "CASMGR", "table-name": "CAS_REF_CITY_MZ"}, "rule-action": "include"}, {"rule-type": "selection", "rule-id": "105", "rule-name": "105", "object-locator": {"schema-name": "CASMGR", "table-name": "CAS_REF_VESSEL_MZ"}, "rule-action": "include"}, {"rule-type": "selection", "rule-id": "106", "rule-name": "106", "object-locator": {"schema-name": "CASMGR", "table-name": "CAS_REFDATA_INTERFACE_MZ"}, "rule-action": "include"}, {"rule-type": "selection", "rule-id": "107", "rule-name": "107", "object-locator": {"schema-name": "CASMGR", "table-name": "CAS_POSTAL_MX_MZ"}, "rule-action": "include"}, {"rule-type": "selection", "rule-id": "108", "rule-name": "108", "object-locator": {"schema-name": "CASMGR", "table-name": "CAS_POSTAL_CA_MZ"}, "rule-action": "include"}, {"rule-type": "selection", "rule-id": "109", "rule-name": "109", "object-locator": {"schema-name": "CASMGR", "table-name": "CAS_POSTAL_US_MZ"}, "rule-action": "include"}, {"rule-type": "selection", "rule-id": "110", "rule-name": "110", "object-locator": {"schema-name": "CASMGR", "table-name": "CAS_SCHD_AUDIT_EVENT_TYPE_MZ"}, "rule-action": "include"}, {"rule-type": "selection", "rule-id": "111", "rule-name": "111", "object-locator": {"schema-name": "CASMGR", "table-name": "CAS_SCHD_INSTANCE_CONFIG_MZ"}, "rule-action": "include"}, {"rule-type": "selection", "rule-id": "112", "rule-name": "112", "object-locator": {"schema-name": "CASMGR", "table-name": "QRTZ_WLS_LOCKS"}, "rule-action": "include"}, {"rule-type": "selection", "rule-id": "113", "rule-name": "113", "object-locator": {"schema-name": "CASMGR", "table-name": "QRTZ_WLS_SIMPLE_TRIGGERS"}, "rule-action": "include"}, {"rule-type": "selection", "rule-id": "114", "rule-name": "114", "object-locator": {"schema-name": "CASMGR", "table-name": "QRTZ_WLS_JOB_LISTENERS"}, "rule-action": "include"}, {"rule-type": "selection", "rule-id": "115", "rule-name": "115", "object-locator": {"schema-name": "CASMGR", "table-name": "QRTZ_WLS_PAUSED_TRIGGER_GRPS"}, "rule-action": "include"}, {"rule-type": "selection", "rule-id": "116", "rule-name": "116", "object-locator": {"schema-name": "CASMGR", "table-name": "QRTZ_WLS_TRIGGER_LISTENERS"}, "rule-action": "include"}, {"rule-type": "selection", "rule-id": "117", "rule-name": "117", "object-locator": {"schema-name": "CASMGR", "table-name": "QRTZ_WLS_SCHEDULER_STATE"}, "rule-action": "include"}, {"rule-type": "selection", "rule-id": "118", "rule-name": "118", "object-locator": {"schema-name": "CASMGR", "table-name": "QRTZ_WLS_CRON_TRIGGERS"}, "rule-action": "include"}, {"rule-type": "selection", "rule-id": "119", "rule-name": "119", "object-locator": {"schema-name": "CASMGR", "table-name": "QRTZ_WLS_FIRED_TRIGGERS"}, "rule-action": "include"}]}